1980 - List of Metro Data

For explanatory notes see the Methods page on our website: www.usreligioncensus.org

Metro Area,Population,PopRank,Adherents,AdhRank,Congregations,ConRank,Adherents %,Adh% Rank,Congregations Per 10K People,Con Per 10K Rank
"Aberdeen, SD, Micropolitan Statistical Area",42121,330,31026,453,77,560,73.7,86,18,273
"Aberdeen, WA, Micropolitan Statistical Area",66314,487,16981,714,79,538,25.6,898,12,602
"Abilene, TX, Metropolitan Statistical Area",139192,695,93728,174,234,169,67.3,169,17,338
"Ada, OK, Micropolitan Statistical Area",32598,204,22555,583,82,516,69.2,142,25,77
"Adrian, MI, Micropolitan Statistical Area",89948,581,36508,396,100,417,40.6,702,11,653
"Akron, OH, Metropolitan Statistical Area",660328,861,308346,64,416,87,46.7,576,6,868
"Alamogordo, NM, Micropolitan Statistical Area",44665,355,20668,628,65,654,46.3,588,15,471
"Albany, GA, Metropolitan Statistical Area",146291,703,59479,263,158,260,40.7,700,11,669
"Albany, OR, Metropolitan Statistical Area",89495,579,30625,459,123,336,34.2,815,14,519
"Albany-Schenectady-Troy, NY, Metropolitan Statistical Area",771290,868,437145,47,563,61,56.7,356,7,829
"Albemarle, NC, Micropolitan Statistical Area",48517,377,33906,420,118,354,69.9,130,24,98
"Albert Lea, MN, Micropolitan Statistical Area",36329,254,31201,451,53,739,85.9,16,15,469
"Albertville, AL, Micropolitan Statistical Area",65622,482,40483,369,161,253,61.7,250,25,94
"Albuquerque, NM, Metropolitan Statistical Area",523105,846,284709,67,340,111,54.4,404,6,863
"Alexandria, LA, Metropolitan Statistical Area",151985,713,84768,191,233,170,55.8,374,15,424
"Alexandria, MN, Micropolitan Statistical Area",27839,148,20738,627,50,764,74.5,76,18,292
"Alice, TX, Micropolitan Statistical Area",36498,260,21305,610,43,805,58.4,315,12,606
"Allentown-Bethlehem-Easton, PA-NJ, Metropolitan Statistical Area",635481,856,434687,48,624,52,68.4,155,10,720
"Alma, MI, Micropolitan Statistical Area",40448,310,16724,722,58,704,41.3,689,14,481
"Alpena, MI, Micropolitan Statistical Area",32315,201,24673,553,40,818,76.4,61,12,585
"Altoona, PA, Metropolitan Statistical Area",136621,686,81881,198,190,216,59.9,279,14,506
"Altus, OK, Micropolitan Statistical Area",30356,178,19468,658,59,697,64.1,213,19,226
"Amarillo, TX, Metropolitan Statistical Area",184648,741,125675,141,198,205,68.1,159,11,675
"Americus, GA, Micropolitan Statistical Area",32793,206,14356,785,54,727,43.8,644,16,359
"Ames, IA, Metropolitan Statistical Area",72326,511,38312,385,72,595,53.0,438,10,709
"Amsterdam, NY, Micropolitan Statistical Area",53439,410,36973,391,67,637,69.2,143,13,576
"Anchorage, AK, Metropolitan Statistical Area",192247,747,53756,286,150,274,28.0,878,8,806
"Andrews, TX, Micropolitan Statistical Area",13323,15,8565,872,22,894,64.3,211,17,357
"Angola, IN, Micropolitan Statistical Area",24694,110,8292,878,38,834,33.6,826,15,421
"Ann Arbor, MI, Metropolitan Statistical Area",264748,778,91347,178,154,269,34.5,809,6,880
"Anniston-Oxford-Jacksonville, AL, Metropolitan Statistical Area",119761,658,69119,228,214,188,57.7,336,18,298
"Appleton, WI, Metropolitan Statistical Area",159666,723,124608,142,134,300,78.0,45,8,789
"Arcadia, FL, Micropolitan Statistical Area",19039,50,6839,892,33,859,35.9,777,17,317
"Ardmore, OK, Micropolitan Statistical Area",43610,347,30182,471,90,463,69.2,141,21,184
"Arkadelphia, AR, Micropolitan Statistical Area",23326,93,14105,792,77,552,60.5,272,33,12
"Arkansas City-Winfield, KS, Micropolitan Statistical Area",36824,268,19471,657,72,596,52.9,439,20,219
"Asheville, NC, Metropolitan Statistical Area",282836,793,172499,104,571,59,61.0,263,20,191
"Ashland, OH, Micropolitan Statistical Area",46178,364,21635,602,78,543,46.9,570,17,333
"Ashtabula, OH, Micropolitan Statistical Area",104215,624,50551,305,122,338,48.5,537,12,611
"Astoria, OR, Micropolitan Statistical Area",32489,203,8368,877,44,797,25.8,896,14,529
"Atchison, KS, Micropolitan Statistical Area",18397,45,10156,854,37,840,55.2,387,20,198
"Athens, OH, Micropolitan Statistical Area",56399,430,15093,768,93,448,26.8,887,16,358
"Athens, TN, Micropolitan Statistical Area",41878,324,33065,430,128,321,79.0,38,31,22
"Athens, TX, Micropolitan Statistical Area",42606,338,21188,611,100,415,49.7,508,23,109
"Athens-Clarke County, GA, Metropolitan Statistical Area",113601,647,47184,331,151,273,41.5,683,13,540
"Atlanta-Sandy Springs-Roswell, GA, Metropolitan Statistical Area",2338211,903,1033626,17,2172,7,44.2,637,9,741
"Atlantic City-Hammonton, NJ, Metropolitan Statistical Area",194119,748,79577,204,129,318,41.0,694,7,860
"Auburn, IN, Micropolitan Statistical Area",33606,216,17347,700,61,683,51.6,469,18,279
"Auburn, NY, Micropolitan Statistical Area",79894,541,46206,334,101,409,57.8,330,13,572
"Auburn-Opelika, AL, Metropolitan Statistical Area",76283,529,50544,306,109,381,66.3,179,14,483
"Augusta-Richmond County, GA-SC, Metropolitan Statistical Area",389511,824,183844,98,466,78,47.2,562,12,597
"Augusta-Waterville, ME, Micropolitan Statistical Area",109889,638,49850,312,112,368,45.4,607,10,695
"Austin, MN, Micropolitan Statistical Area",40390,308,35211,407,64,661,87.2,14,16,397
"Austin-Round Rock, TX, Metropolitan Statistical Area",585051,851,261632,69,514,70,44.7,626,9,771
"Bainbridge, GA, Micropolitan Statistical Area",25495,119,11050,839,51,750,43.3,654,20,200
"Bakersfield, CA, Metropolitan Statistical Area",403089,828,162494,108,354,106,40.3,705,9,773
"Baltimore-Columbia-Towson, MD, Metropolitan Statistical Area",2199531,901,860903,19,1295,20,39.1,727,6,878
"Bangor, ME, Metropolitan Statistical Area",137015,687,53460,292,132,304,39.0,728,10,724
"Baraboo, WI, Micropolitan Statistical Area",43469,344,34130,419,70,616,78.5,42,16,382
"Bardstown, KY, Micropolitan Statistical Area",27584,144,19998,645,57,709,72.5,97,21,183
"Barnstable Town, MA, Metropolitan Statistical Area",147925,706,67470,232,92,455,45.6,603,6,871
"Barre, VT, Micropolitan Statistical Area",52393,408,26313,526,66,646,50.2,494,13,573
"Bartlesville, OK, Micropolitan Statistical Area",48113,376,34859,414,70,615,72.5,98,15,473
"Bastrop, LA, Micropolitan Statistical Area",34803,233,19261,666,77,558,55.3,383,22,143
"Batavia, NY, Micropolitan Statistical Area",59400,443,39177,378,72,594,66.0,185,12,593
"Batesville, AR, Micropolitan Statistical Area",30147,174,17748,689,107,387,58.9,302,35,6
"Baton Rouge, LA, Metropolitan Statistical Area",591383,852,309804,63,423,86,52.4,450,7,837
"Battle Creek, MI, Metropolitan Statistical Area",141557,698,49783,315,125,328,35.2,797,9,769
"Bay City, MI, Metropolitan Statistical Area",119881,660,79972,203,84,503,66.7,173,7,843
"Bay City, TX, Micropolitan Statistical Area",37828,276,21315,609,55,721,56.3,363,15,474
"Beatrice, NE, Micropolitan Statistical Area",24456,109,19649,653,64,660,80.3,31,26,61
"Beaumont-Port Arthur, TX, Metropolitan Statistical Area",388751,823,251689,71,411,89,64.7,200,11,682
"Beaver Dam, WI, Micropolitan Statistical Area",75064,522,50307,307,99,420,67.0,172,13,549
"Beckley, WV, Metropolitan Statistical Area",144684,701,48305,321,262,141,33.4,828,18,282
"Bedford, IN, Micropolitan Statistical Area",42472,335,21463,606,81,523,50.5,489,19,236
"Beeville, TX, Micropolitan Statistical Area",26030,125,15748,753,45,796,60.5,271,17,319
"Bellefontaine, OH, Micropolitan Statistical Area",39155,293,17633,692,73,592,45.0,618,19,253
"Bellingham, WA, Metropolitan Statistical Area",106701,628,31441,449,112,371,29.5,862,10,686
"Bemidji, MN, Micropolitan Statistical Area",30982,189,15449,762,47,782,49.9,503,15,434
"Bend-Redmond, OR, Metropolitan Statistical Area",62142,458,17029,710,64,663,27.4,883,10,693
"Bennettsville, SC, Micropolitan Statistical Area",31634,196,16855,719,78,549,53.3,433,25,91
"Bennington, VT, Micropolitan Statistical Area",33345,214,16401,734,44,800,49.2,519,13,546
"Berlin, NH-VT, Micropolitan Statistical Area",41460,318,24480,555,70,610,59.0,298,17,334
"Big Rapids, MI, Micropolitan Statistical Area",36961,270,10322,852,43,804,27.9,879,12,614
"Big Spring, TX, Micropolitan Statistical Area",34446,229,28008,496,72,599,81.3,28,21,171
"Big Stone Gap, VA, Micropolitan Statistical Area",68426,500,16522,729,91,459,24.1,905,13,539
"Billings, MT, Metropolitan Statistical Area",117160,654,56409,274,130,311,48.1,543,11,656
"Binghamton, NY, Metropolitan Statistical Area",263460,777,133101,134,214,187,50.5,490,8,796
"Birmingham-Hoover, AL, Metropolitan Statistical Area",930281,874,547277,32,1544,16,58.8,303,17,350
"Bismarck, ND, Metropolitan Statistical Area",86103,570,63111,248,120,347,73.3,90,14,503
"Blackfoot, ID, Micropolitan Statistical Area",36489,259,28330,492,71,606,77.6,46,19,224
"Blacksburg-Christiansburg-Radford, VA, Metropolitan Statistical Area",141343,697,54748,280,273,136,38.7,732,19,229
"Bloomington, IL, Metropolitan Statistical Area",137257,689,69897,225,158,263,50.9,483,12,622
"Bloomington, IN, Metropolitan Statistical Area",114626,651,39511,375,131,307,34.5,811,11,633
"Bloomsburg-Berwick, PA, Metropolitan Statistical Area",78642,534,50873,302,146,285,64.7,202,19,258
"Bluefield, WV-VA, Micropolitan Statistical Area",124453,668,53288,293,272,137,42.8,666,22,149
"Blytheville, AR, Micropolitan Statistical Area",59517,446,34789,415,119,349,58.5,313,20,201
"Bogalusa, LA, Micropolitan Statistical Area",44207,354,22523,585,66,647,50.9,482,15,448
"Boise City, ID, Metropolitan Statistical Area",280035,792,119441,146,301,124,42.7,671,11,673
"Boone, IA, Micropolitan Statistical Area",26184,128,16009,745,49,769,61.1,257,19,249
"Boone, NC, Micropolitan Statistical Area",31666,197,16390,735,89,474,51.8,464,28,39
"Borger, TX, Micropolitan Statistical Area",26304,130,19344,663,47,780,73.5,87,18,299
"Boston-Cambridge-Newton, MA-NH, Metropolitan Statistical Area",3938585,911,2543773,5,1795,12,64.6,204,5,905
"Boulder, CO, Metropolitan Statistical Area",189625,746,69588,227,125,329,36.7,763,7,862
"Bowling Green, KY, Metropolitan Statistical Area",106982,629,54925,279,239,160,51.3,474,22,133
"Bozeman, MT, Micropolitan Statistical Area",42865,340,16618,728,55,725,38.8,731,13,563
"Bradford, PA, Micropolitan Statistical Area",50635,393,29682,478,98,428,58.6,308,19,227
"Brainerd, MN, Micropolitan Statistical Area",62772,460,33148,429,105,393,52.8,440,17,341
"Branson, MO, Micropolitan Statistical Area",36054,251,13151,812,76,563,36.5,770,21,165
"Breckenridge, CO, Micropolitan Statistical Area",8848,3,1250,916,10,916,14.1,915,11,640
"Bremerton-Silverdale, WA, Metropolitan Statistical Area",147152,705,41051,364,99,422,27.9,880,7,857
"Brenham, TX, Micropolitan Statistical Area",21998,81,13717,800,34,849,62.4,243,15,419
"Brevard, NC, Micropolitan Statistical Area",23417,94,13341,807,50,758,57.0,350,21,162
"Bridgeport-Stamford-Norwalk, CT, Metropolitan Statistical Area",807143,871,491382,38,396,91,60.9,265,5,899
"Brookhaven, MS, Micropolitan Statistical Area",30174,175,21733,600,84,499,72.0,103,28,43
"Brookings, OR, Micropolitan Statistical Area",16992,33,4422,905,26,883,26.0,893,15,427
"Brookings, SD, Micropolitan Statistical Area",24332,105,14020,794,43,803,57.6,337,18,307
"Brownsville-Harlingen, TX, Metropolitan Statistical Area",209727,758,151254,117,161,254,72.1,100,8,811
"Brownwood, TX, Micropolitan Statistical Area",33057,213,22989,575,65,652,69.5,137,20,215
"Brunswick, GA, Metropolitan Statistical Area",71728,509,32120,441,114,366,44.8,625,16,395
"Bucyrus, OH, Micropolitan Statistical Area",50075,390,29666,479,81,531,59.2,292,16,379
"Buffalo-Cheektowaga-Niagara Falls, NY, Metropolitan Statistical Area",1242826,884,842315,21,744,41,67.8,162,6,875
"Burley, ID, Micropolitan Statistical Area",39145,292,30383,464,63,671,77.6,47,16,383
"Burlington, IA-IL, Micropolitan Statistical Area",55317,424,29650,480,85,496,53.6,427,15,422
"Burlington, NC, Metropolitan Statistical Area",99319,608,54581,283,162,249,55.0,393,16,373
"Burlington-South Burlington, VT, Metropolitan Statistical Area",154935,714,91126,179,147,284,58.8,304,9,727
"Butte-Silver Bow, MT, Micropolitan Statistical Area",38092,279,21463,605,33,855,56.3,364,9,778
"Cadillac, MI, Micropolitan Statistical Area",35111,236,15003,772,69,620,42.7,669,20,216
"Calhoun, GA, Micropolitan Statistical Area",30070,173,16227,737,62,675,54.0,415,21,185
"California-Lexington Park, MD, Metropolitan Statistical Area",59895,451,23178,571,46,786,38.7,733,8,810
"Cambridge, MD, Micropolitan Statistical Area",30623,183,13207,810,86,486,43.1,660,28,40
"Cambridge, OH, Micropolitan Statistical Area",42024,327,18056,684,83,511,43.0,663,20,213
"Camden, AR, Micropolitan Statistical Area",36620,263,21954,596,111,373,60.0,277,30,25
"Campbellsville, KY, Micropolitan Statistical Area",21178,71,16028,743,63,672,75.7,65,30,30
"Cañon City, CO, Micropolitan Statistical Area",28676,154,11359,833,41,814,39.6,719,14,482
"Canton, IL, Micropolitan Statistical Area",43687,349,17754,687,81,527,40.6,701,19,261
"Canton-Massillon, OH, Metropolitan Statistical Area",404421,830,192821,92,349,107,47.7,554,9,779
"Cape Coral-Fort Myers, FL, Metropolitan Statistical Area",205266,756,75073,211,142,290,36.6,768,7,851
"Cape Girardeau, MO-IL, Metropolitan Statistical Area",81402,550,47312,329,159,256,58.1,320,20,221
"Carbondale-Marion, IL, Metropolitan Statistical Area",118060,655,59465,264,202,200,50.4,491,17,324
"Carlsbad-Artesia, NM, Micropolitan Statistical Area",47855,375,36088,400,84,501,75.4,69,18,313
"Carson City, NV, Metropolitan Statistical Area",32022,199,10325,851,23,891,32.2,838,7,834
"Casper, WY, Metropolitan Statistical Area",71856,510,30316,466,54,735,42.2,677,8,818
"Cedar City, UT, Micropolitan Statistical Area",17349,35,13673,801,39,823,78.8,40,22,130
"Cedar Rapids, IA, Metropolitan Statistical Area",213825,761,120255,144,238,163,56.2,366,11,651
"Cedartown, GA, Micropolitan Statistical Area",32386,202,19382,660,57,711,59.8,281,18,310
"Celina, OH, Micropolitan Statistical Area",38334,282,27582,504,61,685,72.0,104,16,392
"Centralia, IL, Micropolitan Statistical Area",43523,346,27360,508,98,430,62.9,236,23,128
"Centralia, WA, Micropolitan Statistical Area",56025,427,18577,676,88,476,33.2,831,16,403
"Chambersburg-Waynesboro, PA, Metropolitan Statistical Area",113629,648,47637,326,169,237,41.9,679,15,457
"Champaign-Urbana, IL, Metropolitan Statistical Area",200238,752,87951,184,230,173,43.9,642,11,624
"Charleston, WV, Metropolitan Statistical Area",273126,784,102537,159,431,85,37.5,752,16,400
"Charleston-Mattoon, IL, Micropolitan Statistical Area",63322,467,25343,539,96,433,40.0,712,15,435
"Charleston-North Charleston, SC, Metropolitan Statistical Area",430462,834,175505,102,469,77,40.8,699,11,664
"Charlotte-Concord-Gastonia, NC-SC, Metropolitan Statistical Area",1137438,881,746650,22,1897,10,65.6,188,17,343
"Charlottesville, VA, Metropolitan Statistical Area",137523,691,61964,254,235,168,45.1,617,17,325
"Chattanooga, TN-GA, Metropolitan Statistical Area",426540,833,214109,82,609,54,50.2,495,14,485
"Cheyenne, WY, Metropolitan Statistical Area",68649,501,33445,424,69,624,48.7,531,10,704
"Chicago-Naperville-Elgin, IL-IN-WI, Metropolitan Statistical Area",8052932,914,4424856,2,3693,2,54.9,394,5,904
"Chico, CA, Metropolitan Statistical Area",143851,699,36734,393,110,378,25.5,899,8,813
"Chillicothe, OH, Micropolitan Statistical Area",65004,478,19379,661,81,526,29.8,855,12,583
"Cincinnati, OH-KY-IN, Metropolitan Statistical Area",1741049,897,870392,18,1571,14,50.0,499,9,759
"Claremont-Lebanon, NH-VT, Micropolitan Statistical Area",175638,735,64500,243,268,139,36.7,762,15,430
"Clarksburg, WV, Micropolitan Statistical Area",101727,616,46186,335,221,178,45.4,605,22,151
"Clarksdale, MS, Micropolitan Statistical Area",36918,269,13210,809,40,819,35.8,784,11,667
"Clarksville, TN-KY, Metropolitan Statistical Area",159604,722,72006,220,238,165,45.1,613,15,450
"Clearlake, CA, Micropolitan Statistical Area",36366,255,9348,864,50,761,25.7,897,14,518
"Cleveland, MS, Micropolitan Statistical Area",45965,361,17364,699,81,529,37.8,749,18,309
"Cleveland, TN, Metropolitan Statistical Area",81149,548,50111,310,183,224,61.8,249,23,127
"Cleveland-Elyria, OH, Metropolitan Statistical Area",2173734,900,1305697,12,1251,21,60.1,275,6,882
"Clewiston, FL, Micropolitan Statistical Area",18599,47,9764,859,27,879,52.5,445,15,475
"Clinton, IA, Micropolitan Statistical Area",57122,432,35089,409,77,557,61.4,256,13,533
"Clovis, NM, Micropolitan Statistical Area",42019,326,29856,475,58,705,71.1,115,14,513
"Coeur d'Alene, ID, Metropolitan Statistical Area",59770,449,16982,713,47,781,28.4,872,8,805
"Coffeyville, KS, Micropolitan Statistical Area",42281,333,25105,543,97,431,59.4,289,23,120
"Coldwater, MI, Micropolitan Statistical Area",40188,305,11419,831,40,821,28.4,871,10,710
"College Station-Bryan, TX, Metropolitan Statistical Area",120554,662,47715,325,141,291,39.6,720,12,612
"Colorado Springs, CO, Metropolitan Statistical Area",317458,807,110036,150,199,203,34.7,806,6,870
"Columbia, MO, Metropolitan Statistical Area",100376,611,41932,359,93,452,41.8,680,9,742
"Columbia, SC, Metropolitan Statistical Area",498159,844,232185,78,625,51,46.6,579,13,574
"Columbus, GA-AL, Metropolitan Statistical Area",259957,775,118765,147,298,126,45.7,600,11,629
"Columbus, IN, Metropolitan Statistical Area",65088,479,31738,446,78,547,48.8,530,12,595
"Columbus, MS, Micropolitan Statistical Area",57304,434,26546,522,90,460,46.3,585,16,404
"Columbus, NE, Micropolitan Statistical Area",28852,161,25712,531,43,801,89.1,11,15,453
"Columbus, OH, Metropolitan Statistical Area",1325649,887,511602,34,1099,25,38.6,735,8,793
"Concord, NH, Micropolitan Statistical Area",98302,602,39271,376,89,467,39.9,713,9,756
"Connersville, IN, Micropolitan Statistical Area",28272,151,11276,836,37,838,39.9,715,13,553
"Cookeville, TN, Micropolitan Statistical Area",74663,519,35050,410,220,180,46.9,568,29,32
"Coos Bay, OR, Micropolitan Statistical Area",64047,469,16674,725,82,519,26.0,892,13,566
"Cordele, GA, Micropolitan Statistical Area",19489,56,9127,866,36,844,46.8,571,18,262
"Corinth, MS, Micropolitan Statistical Area",33036,212,20965,620,87,481,63.5,225,26,59
"Cornelia, GA, Micropolitan Statistical Area",25020,113,14538,780,58,701,58.1,321,23,114
"Corning, NY, Micropolitan Statistical Area",99217,606,39152,380,130,313,39.5,722,13,552
"Corpus Christi, TX, Metropolitan Statistical Area",340488,812,192422,93,303,122,56.5,360,9,766
"Corsicana, TX, Micropolitan Statistical Area",35323,240,23561,565,88,475,66.7,174,25,83
"Cortland, NY, Micropolitan Statistical Area",48820,381,20872,624,51,752,42.8,668,10,687
"Corvallis, OR, Metropolitan Statistical Area",68211,498,21172,612,54,732,31.0,847,8,802
"Coshocton, OH, Micropolitan Statistical Area",36024,250,16624,727,68,631,46.1,593,19,241
"Craig, CO, Micropolitan Statistical Area",13133,12,3397,910,17,907,25.9,894,13,559
"Crawfordsville, IN, Micropolitan Statistical Area",35501,244,16953,716,67,641,47.8,553,19,242
"Crescent City, CA, Micropolitan Statistical Area",18217,43,6566,894,19,902,36.0,774,10,688
"Crestview-Fort Walton Beach-Destin, FL, Metropolitan Statistical Area",131220,677,58299,268,189,217,44.4,633,14,480
"Crossville, TN, Micropolitan Statistical Area",28676,155,11336,834,68,627,39.5,721,24,105
"Cullman, AL, Micropolitan Statistical Area",61642,455,45638,339,197,208,74.0,80,32,16
"Cullowhee, NC, Micropolitan Statistical Area",25811,122,15591,757,84,505,60.4,273,33,13
"Cumberland, MD-WV, Metropolitan Statistical Area",107782,631,62453,252,212,190,57.9,327,20,214
"Dallas-Fort Worth-Arlington, TX, Metropolitan Statistical Area",3034207,906,1503878,8,2635,5,49.6,513,9,776
"Dalton, GA, Metropolitan Statistical Area",85474,566,37635,388,115,361,44.0,638,13,537
"Danville, IL, Metropolitan Statistical Area",95222,595,43191,349,141,292,45.4,608,15,461
"Danville, KY, Micropolitan Statistical Area",44119,352,32392,437,128,322,73.4,88,29,33
"Danville, VA, Micropolitan Statistical Area",111789,640,47435,328,165,245,42.4,673,15,464
"Daphne-Fairhope-Foley, AL, Metropolitan Statistical Area",78556,533,41628,362,164,247,53.0,437,21,173
"Davenport-Moline-Rock Island, IA-IL, Metropolitan Statistical Area",403244,829,210132,83,363,101,52.1,455,9,761
"Dayton, OH, Metropolitan Statistical Area",791847,869,324353,59,616,53,41.0,695,8,808
"Dayton, TN, Micropolitan Statistical Area",24235,101,10922,842,60,687,45.1,616,25,88
"Decatur, AL, Metropolitan Statistical Area",120401,661,74669,214,253,144,62.0,248,21,167
"Decatur, IL, Metropolitan Statistical Area",131375,678,63689,246,118,355,48.5,538,9,763
"Decatur, IN, Micropolitan Statistical Area",29619,167,21129,613,65,653,71.3,108,22,147
"Defiance, OH, Micropolitan Statistical Area",39987,302,27367,507,60,693,68.4,154,15,442
"Del Rio, TX, Micropolitan Statistical Area",35910,248,21360,608,25,885,59.5,285,7,848
"Deltona-Daytona Beach-Ormond Beach, FL, Metropolitan Statistical Area",269675,781,98957,167,218,183,36.7,764,8,800
"Deming, NM, Micropolitan Statistical Area",15585,23,6840,891,25,886,43.9,643,16,387
"Denver-Aurora-Lakewood, CO, Metropolitan Statistical Area",1450768,892,490345,39,707,45,33.8,822,5,901
"DeRidder, LA, Micropolitan Statistical Area",29692,169,15059,770,52,740,50.7,485,18,315
"Des Moines-West Des Moines, IA, Metropolitan Statistical Area",392141,825,182714,99,415,88,46.6,581,11,680
"Detroit-Warren-Dearborn, MI, Metropolitan Statistical Area",4353413,912,1862838,7,1781,13,42.8,667,4,910
"Dickinson, ND, Micropolitan Statistical Area",23697,95,16846,720,32,864,71.1,113,14,532
"Dixon, IL, Micropolitan Statistical Area",36328,253,22320,587,60,688,61.4,255,17,356
"Dodge City, KS, Micropolitan Statistical Area",24315,103,15647,754,37,842,64.4,210,15,432
"Dothan, AL, Metropolitan Statistical Area",114187,649,67006,234,244,154,58.7,305,21,160
"Douglas, GA, Micropolitan Statistical Area",26894,138,11361,832,50,760,42.2,675,19,257
"Dover, DE, Metropolitan Statistical Area",98219,601,27272,511,90,465,27.8,881,9,747
"Dublin, GA, Micropolitan Statistical Area",45650,358,26197,527,129,315,57.4,340,28,38
"DuBois, PA, Micropolitan Statistical Area",83578,560,47544,327,191,212,56.9,352,23,122
"Dubuque, IA, Metropolitan Statistical Area",93745,592,73650,216,75,576,78.6,41,8,801
"Duluth, MN-WI, Metropolitan Statistical Area",296586,800,170360,105,354,105,57.4,339,12,599
"Dumas, TX, Micropolitan Statistical Area",16575,32,10914,844,31,866,65.8,187,19,250
"Duncan, OK, Micropolitan Statistical Area",43419,343,32031,443,89,471,73.8,83,20,186
"Dunn, NC, Micropolitan Statistical Area",59570,448,31984,444,119,351,53.7,424,20,203
"Durango, CO, Micropolitan Statistical Area",27424,142,9419,860,34,851,34.3,813,12,584
"Durant, OK, Micropolitan Statistical Area",30535,181,19102,670,84,502,62.6,241,28,49
"Durham-Chapel Hill, NC, Metropolitan Statistical Area",292419,799,140201,125,373,98,47.9,546,13,569
"Dyersburg, TN, Micropolitan Statistical Area",34663,231,23264,569,104,396,67.1,171,30,27
"Eagle Pass, TX, Micropolitan Statistical Area",31398,194,16446,731,21,899,52.4,451,7,858
"East Stroudsburg, PA, Metropolitan Statistical Area",69409,503,30235,467,79,539,43.6,647,11,635
"Easton, MD, Micropolitan Statistical Area",25604,120,12129,821,49,766,47.4,561,19,231
"Eau Claire, WI, Metropolitan Statistical Area",130932,675,82668,195,152,271,63.1,231,12,616
"Edwards, CO, Micropolitan Statistical Area",13320,14,1706,915,17,908,12.8,916,13,568
"Effingham, IL, Micropolitan Statistical Area",30944,188,24830,548,70,608,80.2,32,23,125
"El Campo, TX, Micropolitan Statistical Area",40242,306,29371,482,64,664,73.0,95,16,393
"El Centro, CA, Metropolitan Statistical Area",92110,590,50680,304,86,487,55.0,390,9,739
"El Dorado, AR, Micropolitan Statistical Area",48573,379,33325,426,124,331,68.6,151,26,68
"El Paso, TX, Metropolitan Statistical Area",482627,841,207739,84,248,151,43.0,661,5,896
"Elizabeth City, NC, Micropolitan Statistical Area",43777,350,26902,518,82,514,61.5,254,19,248
"Elizabethtown-Fort Knox, KY, Metropolitan Statistical Area",123693,666,57154,272,161,252,46.2,590,13,556
"Elk City, OK, Micropolitan Statistical Area",19243,52,13549,803,50,756,70.4,124,26,64
"Elkhart-Goshen, IN, Metropolitan Statistical Area",137330,690,63576,247,189,218,46.3,587,14,517
"Elkins, WV, Micropolitan Statistical Area",28734,156,9920,857,73,589,34.5,808,25,70
"Elko, NV, Micropolitan Statistical Area",18467,46,7272,884,41,816,39.4,724,22,139
"Ellensburg, WA, Micropolitan Statistical Area",24877,111,7022,887,38,835,28.2,876,15,428
"Elmira, NY, Metropolitan Statistical Area",97656,600,53693,288,83,507,55.0,392,8,785
"Emporia, KS, Micropolitan Statistical Area",35108,235,15785,751,45,795,45.0,620,13,565
"Enid, OK, Micropolitan Statistical Area",62820,461,40968,365,89,466,65.2,195,14,492
"Enterprise, AL, Micropolitan Statistical Area",38533,284,25498,536,93,449,66.2,181,24,100
"Erie, PA, Metropolitan Statistical Area",279780,791,159447,111,231,171,57.0,348,8,794
"Escanaba, MI, Micropolitan Statistical Area",38947,287,27253,512,61,677,70.0,129,16,406
"Española, NM, Micropolitan Statistical Area",29282,164,27042,516,73,586,92.4,9,25,82
"Eugene, OR, Metropolitan Statistical Area",275226,785,81143,200,252,146,29.5,861,9,748
"Eureka-Arcata-Fortuna, CA, Micropolitan Statistical Area",108514,633,33318,427,130,314,30.7,849,12,596
"Evanston, WY, Micropolitan Statistical Area",13021,10,7384,882,24,888,56.7,354,18,265
"Evansville, IN-KY, Metropolitan Statistical Area",276252,786,152173,116,310,120,55.1,389,11,646
"Fairbanks, AK, Metropolitan Statistical Area",53983,414,15407,764,69,626,28.5,869,13,567
"Fairfield, IA, Micropolitan Statistical Area",16316,31,8020,879,29,875,49.2,521,18,304
"Fairmont, WV, Micropolitan Statistical Area",65789,483,32649,436,152,270,49.6,511,23,116
"Fallon, NV, Micropolitan Statistical Area",13917,21,4851,901,12,914,34.9,801,9,781
"Fargo, ND-MN, Metropolitan Statistical Area",137574,692,94092,173,175,232,68.4,156,13,570
"Faribault-Northfield, MN, Micropolitan Statistical Area",46087,362,31310,450,49,768,67.9,160,11,677
"Farmington, MO, Micropolitan Statistical Area",42600,337,25166,541,86,485,59.1,297,20,192
"Farmington, NM, Metropolitan Statistical Area",81433,551,36159,399,94,445,44.4,634,12,621
"Fayetteville, NC, Metropolitan Statistical Area",267543,780,90633,181,235,167,33.9,820,9,772
"Fayetteville-Springdale-Rogers, AR-MO, Metropolitan Statistical Area",204899,755,93565,175,410,90,45.7,602,20,199
"Fergus Falls, MN, Micropolitan Statistical Area",51937,405,39888,373,129,317,76.8,58,25,86
"Fernley, NV, Micropolitan Statistical Area",13594,19,4082,908,22,896,30.0,852,16,378
"Findlay, OH, Micropolitan Statistical Area",64581,476,32259,440,77,559,50.0,501,12,600
"Fitzgerald, GA, Micropolitan Statistical Area",16000,29,9771,858,29,874,61.1,260,18,280
"Flagstaff, AZ, Metropolitan Statistical Area",75008,521,32972,432,101,411,44.0,640,13,535
"Flint, MI, Metropolitan Statistical Area",450449,838,156411,113,286,132,34.7,803,6,865
"Florence, SC, Metropolitan Statistical Area",172880,732,77565,207,268,138,44.9,624,16,417
"Florence-Muscle Shoals, AL, Metropolitan Statistical Area",135065,685,77989,206,290,130,57.7,334,21,157
"Fond du Lac, WI, Metropolitan Statistical Area",88964,578,67987,230,94,446,76.4,60,11,683
"Forest City, NC, Micropolitan Statistical Area",53787,412,42889,353,148,278,79.7,36,28,48
"Forrest City, AR, Micropolitan Statistical Area",30858,187,16030,742,67,644,51.9,461,22,155
"Fort Collins, CO, Metropolitan Statistical Area",149184,708,50222,309,106,389,33.7,824,7,838
"Fort Dodge, IA, Micropolitan Statistical Area",45953,360,33280,428,70,617,72.4,99,15,431
"Fort Leonard Wood, MO, Micropolitan Statistical Area",42011,325,14437,783,63,667,34.4,812,15,443
"Fort Madison-Keokuk, IA-IL-MO, Micropolitan Statistical Area",75476,524,45517,342,167,241,60.3,274,22,142
"Fort Morgan, CO, Micropolitan Statistical Area",22513,86,12068,823,40,820,53.6,426,18,305
"Fort Polk South, LA, Micropolitan Statistical Area",53475,411,20006,644,78,545,37.4,755,15,470
"Fort Smith, AR-OK, Metropolitan Statistical Area",203511,753,120234,145,432,84,59.1,296,21,163
"Fort Wayne, IN, Metropolitan Statistical Area",345951,813,173344,103,338,113,50.1,497,10,722
"Frankfort, IN, Micropolitan Statistical Area",31545,195,14290,788,55,719,45.3,610,17,316
"Frankfort, KY, Micropolitan Statistical Area",54397,416,36171,398,98,426,66.5,178,18,288
"Fredericksburg, TX, Micropolitan Statistical Area",13532,18,10251,853,22,893,75.8,63,16,375
"Freeport, IL, Micropolitan Statistical Area",49536,384,27192,514,78,541,54.9,397,16,402
"Fremont, NE, Micropolitan Statistical Area",35847,247,31492,448,57,714,87.9,12,16,394
"Fremont, OH, Micropolitan Statistical Area",63267,466,37320,390,75,573,59.0,299,12,603
"Fresno, CA, Metropolitan Statistical Area",514621,845,202696,87,392,92,39.4,723,8,814
"Gadsden, AL, Metropolitan Statistical Area",103057,622,69642,226,208,195,67.6,166,20,193
"Gaffney, SC, Micropolitan Statistical Area",40983,313,30579,460,89,473,74.6,74,22,153
"Gainesville, FL, Metropolitan Statistical Area",157115,718,56622,273,176,231,36.0,775,11,648
"Gainesville, GA, Metropolitan Statistical Area",75649,525,40843,367,103,400,54.0,414,14,520
"Gainesville, TX, Micropolitan Statistical Area",27656,145,17365,698,61,682,62.8,237,22,144
"Galesburg, IL, Micropolitan Statistical Area",61607,454,30467,462,63,670,49.5,516,10,694
"Gallup, NM, Micropolitan Statistical Area",56449,431,20653,629,76,566,36.6,767,13,536
"Garden City, KS, Micropolitan Statistical Area",27260,139,16755,721,38,836,61.5,253,14,502
"Gardnerville Ranchos, NV, Micropolitan Statistical Area",19421,54,4142,906,14,912,21.3,909,7,833
"Georgetown, SC, Micropolitan Statistical Area",42461,334,14906,774,81,522,35.1,798,19,235
"Gettysburg, PA, Metropolitan Statistical Area",68292,499,40431,370,102,405,59.2,293,15,447
"Gillette, WY, Micropolitan Statistical Area",24367,107,7569,881,19,901,31.1,845,8,807
"Glasgow, KY, Micropolitan Statistical Area",43493,345,22498,586,114,365,51.7,466,26,60
"Glens Falls, NY, Metropolitan Statistical Area",109649,637,52056,296,137,297,47.5,558,12,579
"Glenwood Springs, CO, Micropolitan Statistical Area",32852,207,10134,855,52,741,30.8,848,16,398
"Gloversville, NY, Micropolitan Statistical Area",55153,422,30198,470,52,745,54.8,399,9,731
"Goldsboro, NC, Metropolitan Statistical Area",97054,597,35818,404,140,294,36.9,761,14,478
"Grand Forks, ND-MN, Metropolitan Statistical Area",100944,614,67131,233,170,236,66.5,177,17,337
"Grand Island, NE, Metropolitan Statistical Area",72709,513,51684,298,118,352,71.1,114,16,377
"Grand Junction, CO, Metropolitan Statistical Area",81530,552,28691,486,70,619,35.2,795,9,782
"Grand Rapids-Wyoming, MI, Metropolitan Statistical Area",695016,862,346692,56,634,50,49.9,502,9,752
"Grants Pass, OR, Metropolitan Statistical Area",58855,440,15612,756,48,776,26.5,889,8,795
"Great Bend, KS, Micropolitan Statistical Area",31343,193,24976,544,56,715,79.7,37,18,300
"Great Falls, MT, Metropolitan Statistical Area",80696,544,34888,413,70,614,43.2,657,9,777
"Greeley, CO, Metropolitan Statistical Area",123438,665,44207,345,140,293,35.8,783,11,638
"Green Bay, WI, Metropolitan Statistical Area",223766,763,168733,106,202,201,75.4,70,9,757
"Greeneville, TN, Micropolitan Statistical Area",54422,417,26499,523,137,296,48.7,532,25,76
"Greenfield Town, MA, Micropolitan Statistical Area",64317,474,27861,498,78,550,43.3,655,12,592
"Greensboro-High Point, NC, Metropolitan Statistical Area",492308,842,245191,74,666,47,49.8,504,14,530
"Greensburg, IN, Micropolitan Statistical Area",23841,96,16119,741,55,726,67.6,164,23,118
"Greenville, MS, Micropolitan Statistical Area",72344,512,30538,461,65,655,42.2,676,9,762
"Greenville, NC, Metropolitan Statistical Area",90146,582,24120,560,102,404,26.8,888,11,639
"Greenville, OH, Micropolitan Statistical Area",55096,421,26385,525,86,483,47.9,550,16,410
"Greenville-Anderson-Mauldin, SC, Metropolitan Statistical Area",552654,849,319087,62,815,36,57.7,335,15,466
"Greenwood, MS, Micropolitan Statistical Area",51301,398,25640,533,107,384,50.0,500,21,174
"Greenwood, SC, Micropolitan Statistical Area",80474,542,46672,332,154,268,58.0,324,19,232
"Grenada, MS, Micropolitan Statistical Area",21043,68,9015,869,33,856,42.8,665,16,405
"Gulfport-Biloxi-Pascagoula, MS, Metropolitan Statistical Area",300217,803,154283,115,341,110,51.4,472,11,637
"Guymon, OK, Micropolitan Statistical Area",17727,40,13755,799,54,728,77.6,48,30,24
"Hagerstown-Martinsburg, MD-WV, Metropolitan Statistical Area",159861,724,77054,209,241,159,48.2,542,15,441
"Hailey, ID, Micropolitan Statistical Area",14095,22,4567,904,23,892,32.4,837,16,372
"Hammond, LA, Metropolitan Statistical Area",80698,545,36649,395,112,369,45.4,604,14,510
"Hanford-Corcoran, CA, Metropolitan Statistical Area",73738,516,30199,469,90,462,41.0,696,12,589
"Hannibal, MO, Micropolitan Statistical Area",37549,273,24789,550,95,441,66.0,182,25,74
"Harrisburg-Carlisle, PA, Metropolitan Statistical Area",446576,837,234220,76,516,68,52.4,447,12,620
"Harrison, AR, Micropolitan Statistical Area",33823,221,16411,733,101,412,48.5,536,30,28
"Harrisonburg, VA, Metropolitan Statistical Area",76709,530,36666,394,159,257,47.8,552,21,179
"Hartford-West Hartford-East Hartford, CT, Metropolitan Statistical Area",1051606,879,659539,26,557,64,62.7,240,5,890
"Hastings, NE, Micropolitan Statistical Area",30656,184,21040,618,43,806,68.6,149,14,497
"Hattiesburg, MS, Metropolitan Statistical Area",99703,610,58310,267,183,223,58.5,312,18,271
"Hays, KS, Micropolitan Statistical Area",26098,127,19445,659,33,860,74.5,75,13,571
"Heber, UT, Micropolitan Statistical Area",8523,2,6818,893,16,909,80.0,33,19,247
"Helena, MT, Micropolitan Statistical Area",50068,389,21904,597,56,717,43.7,646,11,650
"Helena-West Helena, AR, Micropolitan Statistical Area",34772,232,16670,726,54,736,47.9,547,16,413
"Henderson, NC, Micropolitan Statistical Area",36748,266,19212,668,74,582,52.3,453,20,194
"Hereford, TX, Micropolitan Statistical Area",21165,69,15619,755,28,878,73.8,82,13,544
"Hermiston-Pendleton, OR, Micropolitan Statistical Area",66380,488,25435,538,109,380,38.3,741,16,363
"Hickory-Lenoir-Morganton, NC, Metropolitan Statistical Area",270457,782,178459,101,537,67,66.0,183,20,207
"Hillsdale, MI, Micropolitan Statistical Area",42071,328,10574,845,46,787,25.1,902,11,662
"Hilo, HI, Micropolitan Statistical Area",92053,589,49442,316,91,456,53.7,423,10,714
"Hilton Head Island-Bluffton-Beaufort, SC, Metropolitan Statistical Area",79868,540,22067,591,73,588,27.6,882,9,750
"Hinesville, GA, Metropolitan Statistical Area",42107,329,8544,873,38,833,20.3,910,9,758
"Hobbs, NM, Micropolitan Statistical Area",55993,426,39714,374,99,423,70.9,118,18,306
"Holland, MI, Micropolitan Statistical Area",81555,553,28292,494,100,419,34.7,804,12,586
"Homosassa Springs, FL, Metropolitan Statistical Area",54703,419,16145,739,54,737,29.5,860,10,715
"Hood River, OR, Micropolitan Statistical Area",15835,27,6173,899,31,868,39.0,729,20,217
"Hot Springs, AR, Metropolitan Statistical Area",70531,505,40316,371,122,339,57.2,346,17,318
"Houghton, MI, Micropolitan Statistical Area",39835,300,19502,655,62,674,49.0,525,16,412
"Houma-Thibodaux, LA, Metropolitan Statistical Area",176876,738,126979,136,91,457,71.8,107,5,893
"Houston-The Woodlands-Sugar Land, TX, Metropolitan Statistical Area",3137557,907,1358369,10,1816,11,43.3,656,6,881
"Hudson, NY, Micropolitan Statistical Area",59487,445,28708,485,82,520,48.3,541,14,515
"Huntingdon, PA, Micropolitan Statistical Area",42253,332,20259,639,118,353,47.9,545,28,41
"Huntington, IN, Micropolitan Statistical Area",35596,245,20261,638,64,659,56.9,351,18,291
"Huntington-Ashland, WV-KY-OH, Metropolitan Statistical Area",373206,819,134746,132,494,75,36.1,773,13,543
"Huntsville, AL, Metropolitan Statistical Area",242971,771,125822,139,346,108,51.8,463,14,489
"Huntsville, TX, Micropolitan Statistical Area",51239,397,19229,667,73,590,37.5,753,14,487
"Huron, SD, Micropolitan Statistical Area",19195,51,14067,793,38,830,73.3,92,20,208
"Hutchinson, KS, Micropolitan Statistical Area",64983,477,35210,408,97,432,54.2,410,15,449
"Hutchinson, MN, Micropolitan Statistical Area",29657,168,27389,506,46,791,92.4,8,16,415
"Idaho Falls, ID, Metropolitan Statistical Area",84626,564,58873,265,122,337,69.6,135,14,479
"Indiana, PA, Micropolitan Statistical Area",92281,591,45677,338,174,233,49.5,514,19,243
"Indianapolis-Carmel-Anderson, IN, Metropolitan Statistical Area",1347451,889,541195,33,1176,23,40.2,709,9,775
"Indianola, MS, Micropolitan Statistical Area",34844,234,13947,797,59,694,40.0,711,17,330
"Ionia, MI, Micropolitan Statistical Area",51815,404,18608,675,60,690,35.9,778,12,618
"Iowa City, IA, Metropolitan Statistical Area",101858,617,42108,358,110,377,41.3,690,11,670
"Iron Mountain, MI-WI, Micropolitan Statistical Area",29513,165,19315,664,44,799,65.4,190,15,452
"Ithaca, NY, Metropolitan Statistical Area",87085,573,27633,501,61,684,31.7,844,7,844
"Jackson, MI, Metropolitan Statistical Area",151495,711,51010,301,102,403,33.7,823,7,856
"Jackson, MS, Metropolitan Statistical Area",439331,835,231548,79,594,55,52.7,442,14,531
"Jackson, OH, Micropolitan Statistical Area",30592,182,9070,868,50,762,29.6,857,16,371
"Jackson, TN, Metropolitan Statistical Area",102214,619,72411,219,212,189,70.8,119,21,178
"Jackson, WY-ID, Micropolitan Statistical Area",12252,9,5388,900,19,903,44.0,639,16,416
"Jacksonville, FL, Metropolitan Statistical Area",737541,864,305974,65,581,57,41.5,686,8,804
"Jacksonville, IL, Micropolitan Statistical Area",43644,348,25540,535,87,478,58.5,311,20,205
"Jacksonville, NC, Metropolitan Statistical Area",112784,644,30382,465,81,530,26.9,885,7,835
"Jacksonville, TX, Micropolitan Statistical Area",38127,281,26048,528,131,305,68.3,158,34,9
"Jamestown, ND, Micropolitan Statistical Area",24154,99,17158,703,52,744,71.0,116,22,156
"Jamestown-Dunkirk-Fredonia, NY, Micropolitan Statistical Area",146925,704,87878,185,179,228,59.8,282,12,590
"Janesville-Beloit, WI, Metropolitan Statistical Area",139420,696,89722,182,131,310,64.4,209,9,734
"Jasper, IN, Micropolitan Statistical Area",47703,373,35529,405,76,568,74.5,77,16,390
"Jefferson City, MO, Metropolitan Statistical Area",112997,645,72923,218,208,194,64.5,205,18,266
"Jefferson, GA, Micropolitan Statistical Area",25343,117,12250,820,57,707,48.3,540,22,129
"Jesup, GA, Micropolitan Statistical Area",20750,65,11511,830,54,731,55.5,379,26,63
"Johnson City, TN, Metropolitan Statistical Area",155322,715,82700,194,292,128,53.2,435,19,246
"Johnstown, PA, Metropolitan Statistical Area",183263,740,155130,114,258,143,84.6,19,14,496
"Jonesboro, AR, Metropolitan Statistical Area",90271,583,59772,261,216,185,66.2,180,24,102
"Joplin, MO, Metropolitan Statistical Area",127513,672,71656,221,243,156,56.2,367,19,237
"Junction City, KS, Micropolitan Statistical Area",29852,171,11071,838,25,884,37.1,759,8,790
"Juneau, AK, Micropolitan Statistical Area",19528,57,7313,883,27,880,37.4,754,14,511
"Kahului-Wailuku-Lahaina, HI, Metropolitan Statistical Area",70991,506,20956,621,78,544,29.5,859,11,659
"Kalamazoo-Portage, MI, Metropolitan Statistical Area",279192,789,95266,172,236,166,34.1,818,8,787
"Kalispell, MT, Micropolitan Statistical Area",51966,406,20927,623,70,613,40.3,706,13,534
"Kankakee, IL, Metropolitan Statistical Area",102926,621,60126,259,102,401,58.4,314,10,712
"Kansas City, MO-KS, Metropolitan Statistical Area",1482141,893,703464,24,1474,18,47.5,559,10,711
"Kapaa, HI, Micropolitan Statistical Area",39082,291,17586,693,51,753,45.0,619,13,555
"Kearney, NE, Micropolitan Statistical Area",41850,323,24926,546,75,571,59.6,284,18,293
"Keene, NH, Micropolitan Statistical Area",62116,457,22792,578,70,611,36.7,765,11,641
"Kendallville, IN, Micropolitan Statistical Area",35443,243,12840,814,59,695,36.2,772,17,348
"Kennett, MO, Micropolitan Statistical Area",36324,252,20609,630,96,435,56.7,353,26,57
"Kennewick-Richland, WA, Metropolitan Statistical Area",144469,700,64301,244,143,288,44.5,631,10,713
"Kerrville, TX, Micropolitan Statistical Area",28780,158,14134,790,33,853,49.1,522,11,628
"Ketchikan, AK, Micropolitan Statistical Area",11316,8,4781,902,19,904,42.2,674,17,339
"Key West, FL, Micropolitan Statistical Area",63188,465,24806,549,57,706,39.3,725,9,760
"Kill Devil Hills, NC, Micropolitan Statistical Area",17352,36,14617,778,53,738,84.2,21,31,23
"Killeen-Temple, TX, Metropolitan Statistical Area",226661,764,87574,188,249,149,38.6,734,11,660
"Kingsport-Bristol-Bristol, TN-VA, Metropolitan Statistical Area",278316,788,139623,126,511,71,50.2,496,18,269
"Kingston, NY, Metropolitan Statistical Area",158158,721,85129,190,150,275,53.8,419,9,729
"Kingsville, TX, Micropolitan Statistical Area",33901,222,22014,593,38,832,64.9,198,11,647
"Kinston, NC, Micropolitan Statistical Area",59819,450,27898,497,98,429,46.6,578,16,366
"Kirksville, MO, Micropolitan Statistical Area",29849,170,11868,824,57,708,39.8,717,19,234
"Klamath Falls, OR, Micropolitan Statistical Area",59117,442,20981,619,68,629,35.5,790,12,623
"Knoxville, TN, Metropolitan Statistical Area",621773,855,391130,51,1031,27,62.9,235,17,351
"Kokomo, IN, Metropolitan Statistical Area",86896,572,37508,389,101,410,43.2,659,12,615
"La Crosse-Onalaska, WI-MN, Metropolitan Statistical Area",109438,636,74228,215,105,394,67.8,161,10,725
"La Grande, OR, Micropolitan Statistical Area",23921,97,8753,870,42,808,36.6,766,18,312
"Laconia, NH, Micropolitan Statistical Area",42884,341,16005,746,49,770,37.3,756,11,634
"Lafayette, LA, Metropolitan Statistical Area",358868,816,255326,70,218,182,71.1,112,6,874
"Lafayette-West Lafayette, IN, Metropolitan Statistical Area",151642,712,67762,231,157,265,44.7,627,10,690
"LaGrange, GA, Micropolitan Statistical Area",50003,387,31717,447,112,370,63.4,226,22,132
"Lake Charles, LA, Metropolitan Statistical Area",176559,736,108895,154,162,250,61.7,251,9,745
"Lake City, FL, Micropolitan Statistical Area",35399,242,15765,752,64,665,44.5,629,18,284
"Lake Havasu City-Kingman, AZ, Metropolitan Statistical Area",55865,425,18249,681,55,723,32.7,835,10,718
"Lakeland-Winter Haven, FL, Metropolitan Statistical Area",321652,810,142571,123,332,115,44.3,635,10,692
"Lamesa, TX, Micropolitan Statistical Area",16184,30,14975,773,46,783,92.5,7,28,37
"Lancaster, PA, Metropolitan Statistical Area",362346,817,202711,86,516,69,55.9,370,14,488
"Lansing-East Lansing, MI, Metropolitan Statistical Area",419750,832,147711,120,309,121,35.2,796,7,825
"Laramie, WY, Micropolitan Statistical Area",29062,163,10984,840,29,872,37.8,748,10,707
"Laredo, TX, Metropolitan Statistical Area",99258,607,57570,269,47,777,58.0,323,5,903
"Las Cruces, NM, Metropolitan Statistical Area",96340,596,45918,337,107,386,47.7,555,11,654
"Las Vegas, NM, Micropolitan Statistical Area",22751,88,16699,723,42,810,73.4,89,18,264
"Las Vegas-Henderson-Paradise, NV, Metropolitan Statistical Area",463087,839,136959,129,181,227,29.6,858,4,912
"Laurel, MS, Micropolitan Statistical Area",79177,535,51742,297,199,202,65.3,192,25,78
"Laurinburg, NC, Micropolitan Statistical Area",32273,200,17192,701,67,639,53.3,434,21,177
"Lawrence, KS, Metropolitan Statistical Area",67640,494,22237,590,71,601,32.9,834,10,685
"Lawrenceburg, TN, Micropolitan Statistical Area",34110,226,22065,592,129,316,64.7,203,38,3
"Lawton, OK, Metropolitan Statistical Area",119794,659,63071,249,159,259,52.6,443,13,541
"Lebanon, MO, Micropolitan Statistical Area",24323,104,12495,818,61,680,51.4,473,25,80
"Lebanon, PA, Metropolitan Statistical Area",108582,634,62838,250,152,272,57.9,329,14,499
"Levelland, TX, Micropolitan Statistical Area",23230,92,16962,715,51,755,73.0,94,22,146
"Lewisburg, PA, Micropolitan Statistical Area",32870,209,14314,787,61,678,43.5,649,19,259
"Lewisburg, TN, Micropolitan Statistical Area",19698,60,10917,843,63,668,55.4,380,32,15
"Lewiston, ID-WA, Metropolitan Statistical Area",50043,388,17153,704,56,718,34.3,814,11,649
"Lewiston-Auburn, ME, Metropolitan Statistical Area",99657,609,49068,318,69,622,49.2,518,7,849
"Lewistown, PA, Micropolitan Statistical Area",46908,370,27300,510,106,391,58.2,318,23,126
"Lexington, NE, Micropolitan Statistical Area",24444,108,17569,695,57,713,71.9,106,23,112
"Lexington-Fayette, KY, Metropolitan Statistical Area",317629,808,162826,107,376,95,51.3,476,12,604
"Liberal, KS, Micropolitan Statistical Area",17071,34,9392,861,28,876,55.0,391,16,364
"Lima, OH, Metropolitan Statistical Area",112241,642,57566,270,126,325,51.3,475,11,645
"Lincoln, IL, Micropolitan Statistical Area",31802,198,20121,643,52,743,63.3,229,16,370
"Lincoln, NE, Metropolitan Statistical Area",208673,757,111457,148,210,192,53.4,431,10,703
"Little Rock-North Little Rock-Conway, AR, Metropolitan Statistical Area",494758,843,278598,68,740,42,56.3,365,15,444
"Lock Haven, PA, Micropolitan Statistical Area",38971,288,19936,648,76,567,51.2,480,20,223
"Logan, UT-ID, Metropolitan Statistical Area",66071,485,55798,276,147,282,84.5,20,22,138
"Logan, WV, Micropolitan Statistical Area",50679,394,9165,865,67,633,18.1,913,13,545
"Logansport, IN, Micropolitan Statistical Area",40936,312,19492,656,67,638,47.6,556,16,367
"London, KY, Micropolitan Statistical Area",102617,620,55691,277,250,147,54.3,408,24,97
"Longview, TX, Metropolitan Statistical Area",169464,729,100756,162,335,114,59.5,286,20,211
"Longview, WA, Metropolitan Statistical Area",79548,537,26623,521,73,587,33.5,827,9,744
"Los Alamos, NM, Micropolitan Statistical Area",17599,39,11834,827,23,890,67.2,170,13,554
"Los Angeles-Long Beach-Anaheim, CA, Metropolitan Statistical Area",9410212,915,3548604,3,3454,3,37.7,751,4,913
"Louisville/Jefferson County, KY-IN, Metropolitan Statistical Area",1024032,878,587599,30,1123,24,57.4,341,11,661
"Lubbock, TX, Metropolitan Statistical Area",229115,766,142422,124,246,153,62.2,245,11,674
"Ludington, MI, Micropolitan Statistical Area",26365,131,11845,826,33,854,44.9,622,13,578
"Lufkin, TX, Micropolitan Statistical Area",64172,471,38142,386,117,357,59.4,287,18,274
"Lumberton, NC, Micropolitan Statistical Area",101610,615,47911,324,207,196,47.2,563,20,189
"Lynchburg, VA, Metropolitan Statistical Area",194178,749,98197,170,316,119,50.6,488,16,374
"Macomb, IL, Micropolitan Statistical Area",37467,272,20805,626,64,658,55.5,378,17,326
"Macon, GA, Metropolitan Statistical Area",198483,751,98790,168,227,174,49.8,505,11,632
"Madera, CA, Metropolitan Statistical Area",63116,463,22555,584,59,696,35.7,785,9,738
"Madison, IN, Micropolitan Statistical Area",30419,179,14578,779,65,650,47.9,548,21,161
"Madison, WI, Metropolitan Statistical Area",416581,831,242800,75,373,97,58.3,316,9,764
"Madisonville, KY, Micropolitan Statistical Area",46174,363,24964,545,84,498,54.1,413,18,276
"Magnolia, AR, Micropolitan Statistical Area",26644,135,17970,686,88,477,67.4,167,33,11
"Malone, NY, Micropolitan Statistical Area",44929,356,34756,416,68,630,77.4,52,15,436
"Malvern, AR, Micropolitan Statistical Area",26819,136,15373,766,96,439,57.3,342,36,4
"Manchester-Nashua, NH, Metropolitan Statistical Area",276608,787,150455,118,148,279,54.4,405,5,889
"Manhattan, KS, Metropolitan Statistical Area",78287,532,26679,520,83,506,34.1,819,11,679
"Manitowoc, WI, Micropolitan Statistical Area",82918,557,64213,245,78,551,77.4,50,9,732
"Mankato-North Mankato, MN, Metropolitan Statistical Area",79243,536,55271,278,103,399,69.7,134,13,557
"Mansfield, OH, Metropolitan Statistical Area",131205,676,58499,266,120,343,44.6,628,9,749
"Marietta, OH, Micropolitan Statistical Area",64266,473,25806,530,115,360,40.2,710,18,295
"Marinette, WI-MI, Micropolitan Statistical Area",65515,481,42258,357,99,421,64.5,207,15,439
"Marion, IN, Micropolitan Statistical Area",80934,547,27689,500,101,413,34.2,817,12,581
"Marion, NC, Micropolitan Statistical Area",35135,237,18905,672,89,470,53.8,420,25,72
"Marion, OH, Micropolitan Statistical Area",67974,496,29491,481,67,642,43.4,652,10,716
"Marquette, MI, Micropolitan Statistical Area",74101,518,36012,401,85,495,48.6,534,11,627
"Marshall, MN, Micropolitan Statistical Area",25207,115,19878,649,43,807,78.9,39,17,327
"Marshall, MO, Micropolitan Statistical Area",24919,112,17164,702,87,482,68.9,147,35,7
"Marshall, TX, Micropolitan Statistical Area",52265,407,30921,455,115,364,59.2,294,22,145
"Marshalltown, IA, Micropolitan Statistical Area",41652,319,24378,557,67,632,58.5,310,16,384
"Martin, TN, Micropolitan Statistical Area",32896,211,23153,572,128,320,70.4,125,39,1
"Martinsville, VA, Micropolitan Statistical Area",75803,526,31034,452,100,418,40.9,697,13,547
"Maryville, MO, Micropolitan Statistical Area",21996,80,13439,805,50,757,61.1,259,23,124
"Mason City, IA, Micropolitan Statistical Area",57533,436,42785,354,87,480,74.4,78,15,438
"Mayfield, KY, Micropolitan Statistical Area",34049,225,27221,513,108,382,79.9,34,32,17
"Maysville, KY, Micropolitan Statistical Area",17765,41,12527,817,55,720,70.5,123,31,20
"McAlester, OK, Micropolitan Statistical Area",40524,311,25573,534,100,414,63.1,232,25,89
"McAllen-Edinburg-Mission, TX, Metropolitan Statistical Area",283229,794,188894,95,211,191,66.7,175,7,821
"McComb, MS, Micropolitan Statistical Area",49542,385,32679,435,127,323,66.0,184,26,67
"McMinnville, TN, Micropolitan Statistical Area",32653,205,17142,705,98,427,52.5,444,30,26
"McPherson, KS, Micropolitan Statistical Area",26855,137,20280,637,62,673,75.5,67,23,117
"Meadville, PA, Micropolitan Statistical Area",88869,577,41756,361,158,262,47.0,567,18,303
"Medford, OR, Metropolitan Statistical Area",132456,680,45321,343,110,376,34.2,816,8,792
"Memphis, TN-MS-AR, Metropolitan Statistical Area",1005997,877,492482,37,1023,28,49.0,526,10,696
"Menomonie, WI, Micropolitan Statistical Area",34314,227,19371,662,55,722,56.5,362,16,388
"Merced, CA, Metropolitan Statistical Area",134560,683,59888,260,103,398,44.5,632,8,812
"Meridian, MS, Micropolitan Statistical Area",104378,625,65983,235,289,131,63.2,230,28,46
"Merrill, WI, Micropolitan Statistical Area",26555,134,19963,647,39,826,75.2,72,15,467
"Mexico, MO, Micropolitan Statistical Area",26458,133,18329,679,76,570,69.3,139,29,35
"Miami, OK, Micropolitan Statistical Area",32870,210,23101,573,83,508,70.3,127,25,75
"Miami-Fort Lauderdale-West Palm Beach, FL, Metropolitan Statistical Area",3220844,908,1230118,14,1098,26,38.2,745,3,916
"Michigan City-La Porte, IN, Metropolitan Statistical Area",108632,635,54568,284,102,402,50.2,493,9,737
"Middlesborough, KY, Micropolitan Statistical Area",34330,228,17571,694,81,528,51.2,478,24,107
"Midland, MI, Metropolitan Statistical Area",73578,515,38042,387,67,636,51.7,467,9,754
"Midland, TX, Metropolitan Statistical Area",87320,574,50256,308,82,515,57.6,338,9,736
"Milledgeville, GA, Micropolitan Statistical Area",44152,353,14644,777,63,666,33.2,830,14,486
"Milwaukee-Waukesha-West Allis, WI, Metropolitan Statistical Area",1397143,890,851562,20,765,38,61.0,264,5,887
"Mineral Wells, TX, Micropolitan Statistical Area",24062,98,15524,758,66,649,64.5,206,27,50
"Minneapolis-St. Paul-Bloomington, MN-WI, Metropolitan Statistical Area",2255502,902,1304324,13,1552,15,57.8,331,7,854
"Minot, ND, Micropolitan Statistical Area",69858,504,42479,356,135,299,60.8,267,19,228
"Missoula, MT, Metropolitan Statistical Area",76016,527,23609,564,54,729,31.1,846,7,839
"Mitchell, SD, Micropolitan Statistical Area",21235,72,16437,732,42,811,77.4,51,20,210
"Moberly, MO, Micropolitan Statistical Area",25460,118,14754,776,60,686,57.9,326,24,108
"Mobile, AL, Metropolitan Statistical Area",364980,818,199174,88,369,99,54.6,402,10,700
"Modesto, CA, Metropolitan Statistical Area",265900,779,89429,183,198,206,33.6,825,7,822
"Monroe, LA, Metropolitan Statistical Area",160408,726,90915,180,223,176,56.7,355,14,507
"Monroe, MI, Metropolitan Statistical Area",134659,684,65680,236,99,424,48.8,529,7,826
"Montgomery, AL, Metropolitan Statistical Area",285940,795,159926,110,443,83,55.9,371,15,418
"Montrose, CO, Micropolitan Statistical Area",24352,106,8447,875,34,852,34.7,805,14,501
"Morehead City, NC, Micropolitan Statistical Area",41092,314,18293,680,66,648,44.5,630,16,386
"Morgan City, LA, Micropolitan Statistical Area",64253,472,39269,377,52,742,61.1,258,8,799
"Morgantown, WV, Metropolitan Statistical Area",105484,626,34713,417,220,181,32.9,833,21,175
"Morristown, TN, Metropolitan Statistical Area",80584,543,48798,320,168,239,60.6,269,21,176
"Moscow, ID, Micropolitan Statistical Area",28749,157,9348,863,39,825,32.5,836,14,524
"Moses Lake, WA, Micropolitan Statistical Area",48522,378,20136,642,96,436,41.5,685,20,209
"Moultrie, GA, Micropolitan Statistical Area",35376,241,24709,552,74,579,69.8,132,21,170
"Mount Airy, NC, Micropolitan Statistical Area",59449,444,32890,433,146,286,55.3,384,25,92
"Mount Pleasant, MI, Micropolitan Statistical Area",54110,415,20590,631,48,775,38.1,746,9,767
"Mount Pleasant, TX, Micropolitan Statistical Area",21442,73,13664,802,64,657,63.7,218,30,29
"Mount Sterling, KY, Micropolitan Statistical Area",35188,238,16368,736,92,454,46.5,583,26,62
"Mount Vernon, IL, Micropolitan Statistical Area",36552,262,20412,633,81,525,55.8,372,22,140
"Mount Vernon, OH, Micropolitan Statistical Area",46304,366,21382,607,85,493,46.2,591,18,270
"Mount Vernon-Anacortes, WA, Metropolitan Statistical Area",64138,470,22985,576,83,509,35.8,782,13,560
"Mountain Home, AR, Micropolitan Statistical Area",27409,141,13444,804,61,679,49.0,523,22,137
"Mountain Home, ID, Micropolitan Statistical Area",21565,74,6906,889,24,889,32.0,839,11,652
"Muncie, IN, Metropolitan Statistical Area",128587,674,40890,366,123,335,31.8,842,10,726
"Murray, KY, Micropolitan Statistical Area",30031,172,19116,669,78,546,63.7,221,26,65
"Muscatine, IA, Micropolitan Statistical Area",40436,309,21989,595,63,669,54.4,406,16,411
"Muskegon, MI, Metropolitan Statistical Area",157589,720,61733,256,128,319,39.2,726,8,797
"Muskogee, OK, Micropolitan Statistical Area",66939,490,42973,351,131,306,64.2,212,20,218
"Myrtle Beach-Conway-North Myrtle Beach, SC-NC, Metropolitan Statistical Area",137196,688,61649,257,248,150,44.9,621,18,285
"Nacogdoches, TX, Micropolitan Statistical Area",46786,369,24208,559,105,392,51.7,465,22,131
"Napa, CA, Metropolitan Statistical Area",99199,605,35049,411,58,703,35.3,791,6,879
"Naples-Immokalee-Marco Island, FL, Metropolitan Statistical Area",85971,569,33386,425,57,712,38.8,730,7,861
"Nashville-Davidson--Murfreesboro--Franklin, TN, Metropolitan Statistical Area",963757,875,472314,44,1480,17,49.0,524,15,423
"Natchez, MS-LA, Micropolitan Statistical Area",61016,453,28558,489,86,489,46.8,572,14,495
"Natchitoches, LA, Micropolitan Statistical Area",39863,301,20216,640,89,469,50.7,486,22,136
"New Bern, NC, Metropolitan Statistical Area",91146,587,45570,340,169,238,50.0,498,19,260
"New Castle, IN, Micropolitan Statistical Area",53336,409,20401,634,77,555,38.3,743,14,476
"New Castle, PA, Micropolitan Statistical Area",107150,630,74760,212,148,281,69.8,133,14,512
"New Haven-Milford, CT, Metropolitan Statistical Area",761337,866,493580,36,374,96,64.8,199,5,898
"New Orleans-Metairie, LA, Metropolitan Statistical Area",1303800,885,720611,23,558,62,55.3,386,4,908
"New Philadelphia-Dover, OH, Micropolitan Statistical Area",84614,563,49828,313,158,261,58.9,300,19,251
"New Ulm, MN, Micropolitan Statistical Area",28645,152,26680,519,39,822,93.1,6,14,521
"New York-Newark-Jersey City, NY-NJ-PA, Metropolitan Statistical Area",16868198,916,8390868,1,6102,1,49.7,506,4,914
"Newberry, SC, Micropolitan Statistical Area",31242,192,19840,650,85,494,63.5,224,27,53
"Newport, OR, Micropolitan Statistical Area",35264,239,8396,876,54,734,23.8,906,15,426
"Newport, TN, Micropolitan Statistical Area",28792,159,15487,760,82,521,53.8,421,28,36
"Newton, IA, Micropolitan Statistical Area",36425,257,21050,617,67,634,57.8,333,18,267
"Niles-Benton Harbor, MI, Metropolitan Statistical Area",171276,730,77382,208,177,230,45.2,612,10,691
"Nogales, AZ, Micropolitan Statistical Area",20459,63,11205,837,24,887,54.8,398,12,607
"Norfolk, NE, Micropolitan Statistical Area",46412,368,35837,403,83,510,77.2,56,18,296
"North Platte, NE, Micropolitan Statistical Area",38031,278,20822,625,50,763,54.8,400,13,551
"North Port-Sarasota-Bradenton, FL, Metropolitan Statistical Area",350693,815,126003,137,248,152,35.9,776,7,840
"North Vernon, IN, Micropolitan Statistical Area",22854,89,10524,846,49,767,46.0,597,21,158
"North Wilkesboro, NC, Micropolitan Statistical Area",58657,439,36824,392,131,308,62.8,239,22,134
"Norwalk, OH, Micropolitan Statistical Area",54608,418,30878,456,70,618,56.5,359,13,564
"Norwich-New London, CT, Metropolitan Statistical Area",238409,770,110058,149,159,258,46.2,592,7,859
"Oak Harbor, WA, Micropolitan Statistical Area",44048,351,10978,841,34,850,24.9,903,8,809
"Ocala, FL, Metropolitan Statistical Area",122488,663,42892,352,123,334,35.0,799,10,705
"Ocean City, NJ, Metropolitan Statistical Area",82266,554,30426,463,75,575,37.0,760,9,753
"Odessa, TX, Metropolitan Statistical Area",115374,652,70385,222,96,438,61.0,262,8,791
"Ogden-Clearfield, UT, Metropolitan Statistical Area",329295,811,248150,73,503,74,75.4,71,15,429
"Ogdensburg-Massena, NY, Micropolitan Statistical Area",114254,650,64605,242,155,266,56.5,358,14,523
"Oil City, PA, Micropolitan Statistical Area",64444,475,35841,402,115,362,55.6,377,18,301
"Okeechobee, FL, Micropolitan Statistical Area",20264,62,6439,897,21,897,31.8,843,10,689
"Oklahoma City, OK, Metropolitan Statistical Area",871821,873,485079,40,949,33,55.6,376,11,665
"Olean, NY, Micropolitan Statistical Area",85697,568,42545,355,120,344,49.6,509,14,498
"Olympia-Tumwater, WA, Metropolitan Statistical Area",124264,667,35288,406,77,556,28.4,873,6,872
"Omaha-Council Bluffs, NE-IA, Metropolitan Statistical Area",653889,859,351993,54,558,63,53.8,418,9,784
"Oneonta, NY, Micropolitan Statistical Area",59075,441,27069,515,95,440,45.8,599,16,385
"Ontario, OR-ID, Micropolitan Statistical Area",42618,339,20497,632,81,524,48.1,544,19,238
"Opelousas, LA, Micropolitan Statistical Area",84128,561,65074,240,74,585,77.4,53,9,770
"Orangeburg, SC, Micropolitan Statistical Area",82276,555,38434,384,148,280,46.7,575,18,289
"Orlando-Kissimmee-Sanford, FL, Metropolitan Statistical Area",804925,870,304748,66,589,56,37.9,747,7,828
"Oshkosh-Neenah, WI, Metropolitan Statistical Area",131703,679,83096,193,91,458,63.1,233,7,852
"Oskaloosa, IA, Micropolitan Statistical Area",22867,91,12931,813,46,784,56.5,357,20,197
"Othello, WA, Micropolitan Statistical Area",13267,13,7173,885,33,858,54.1,412,25,84
"Ottawa, KS, Micropolitan Statistical Area",22062,82,10345,850,45,792,46.9,569,20,188
"Ottawa-Peru, IL, Micropolitan Statistical Area",157232,719,101722,160,222,177,64.7,201,14,493
"Ottumwa, IA, Micropolitan Statistical Area",49345,383,22733,579,93,451,46.1,596,19,244
"Owatonna, MN, Micropolitan Statistical Area",30328,177,24717,551,40,817,81.5,26,13,548
"Owensboro, KY, Metropolitan Statistical Area",103781,623,76733,210,183,225,73.9,81,18,308
"Owosso, MI, Micropolitan Statistical Area",71140,507,28597,488,79,540,40.2,707,11,655
"Oxford, MS, Micropolitan Statistical Area",31030,190,16682,724,65,656,53.8,422,21,169
"Oxford, NC, Micropolitan Statistical Area",34043,224,18224,682,64,662,53.5,428,19,245
"Oxnard-Thousand Oaks-Ventura, CA, Metropolitan Statistical Area",529174,847,185076,97,238,162,35.0,800,4,906
"Ozark, AL, Micropolitan Statistical Area",47821,374,21623,603,86,488,45.2,611,18,290
"Paducah, KY-IL, Micropolitan Statistical Area",94317,594,65582,237,215,186,69.5,138,23,123
"Pahrump, NV, Micropolitan Statistical Area",9048,5,2369,913,21,898,26.2,891,23,113
"Palatka, FL, Micropolitan Statistical Area",50549,392,20186,641,79,537,39.9,714,16,409
"Palestine, TX, Micropolitan Statistical Area",38381,283,22239,588,94,444,57.9,328,24,95
"Palm Bay-Melbourne-Titusville, FL, Metropolitan Statistical Area",272959,783,104878,156,188,219,38.4,738,7,853
"Pampa, TX, Micropolitan Statistical Area",26386,132,21074,614,47,779,79.9,35,18,302
"Panama City, FL, Metropolitan Statistical Area",108398,632,48030,323,124,330,44.3,636,11,631
"Paragould, AR, Micropolitan Statistical Area",30744,186,21072,616,100,416,68.5,152,33,14
"Paris, TN, Micropolitan Statistical Area",28656,153,19795,651,90,461,69.1,145,31,18
"Paris, TX, Micropolitan Statistical Area",42156,331,24452,556,104,395,58.0,322,25,90
"Parkersburg-Vienna, WV, Metropolitan Statistical Area",98570,604,48925,319,178,229,49.6,510,18,287
"Parsons, KS, Micropolitan Statistical Area",25682,121,14315,786,65,651,55.7,375,25,73
"Payson, AZ, Micropolitan Statistical Area",37080,271,20368,635,67,635,54.9,395,18,286
"Pecos, TX, Micropolitan Statistical Area",15801,26,11809,828,37,837,74.7,73,23,110
"Pensacola-Ferry Pass-Brent, FL, Metropolitan Statistical Area",289782,796,125925,138,316,118,43.5,651,11,663
"Peoria, IL, Metropolitan Statistical Area",387732,822,188328,96,392,93,48.6,535,10,699
"Peru, IN, Micropolitan Statistical Area",39820,299,17136,706,59,700,43.0,662,15,460
"Philadelphia-Camden-Wilmington, PA-NJ-DE-MD, Metropolitan Statistical Area",5240039,913,2685815,4,2877,4,51.3,477,5,886
"Phoenix-Mesa-Scottsdale, AZ, Metropolitan Statistical Area",1599970,895,615344,27,1006,30,38.5,736,6,869
"Picayune, MS, Micropolitan Statistical Area",33795,220,21995,594,70,612,65.1,197,21,180
"Pierre, SD, Micropolitan Statistical Area",18743,48,10466,847,46,788,55.8,373,25,93
"Pine Bluff, AR, Metropolitan Statistical Area",111955,641,54733,281,185,222,48.9,527,17,355
"Pinehurst-Southern Pines, NC, Micropolitan Statistical Area",50505,391,18046,685,83,512,35.7,786,16,362
"Pittsburg, KS, Micropolitan Statistical Area",37916,277,18670,674,74,583,49.2,517,20,222
"Pittsburgh, PA, Metropolitan Statistical Area",2648991,905,1873748,6,2513,6,70.7,121,9,728
"Pittsfield, MA, Metropolitan Statistical Area",145110,702,92587,177,133,303,63.8,217,9,746
"Plainview, TX, Micropolitan Statistical Area",37592,274,32055,442,71,604,85.3,18,19,240
"Platteville, WI, Micropolitan Statistical Area",51736,403,41761,360,84,500,80.7,30,16,376
"Plattsburgh, NY, Micropolitan Statistical Area",80750,546,54591,282,69,621,67.6,165,9,783
"Plymouth, IN, Micropolitan Statistical Area",39155,294,16982,712,72,597,43.4,653,18,268
"Pocatello, ID, Metropolitan Statistical Area",65421,480,38874,382,89,468,59.4,288,14,522
"Point Pleasant, WV-OH, Micropolitan Statistical Area",57143,433,17110,708,115,363,29.9,853,20,196
"Ponca City, OK, Micropolitan Statistical Area",49852,386,38532,383,93,453,77.3,55,19,252
"Pontiac, IL, Micropolitan Statistical Area",41381,316,22728,580,77,554,54.9,396,19,255
"Poplar Bluff, MO, Micropolitan Statistical Area",37693,275,15394,765,75,578,40.8,698,20,206
"Port Angeles, WA, Micropolitan Statistical Area",51648,402,15067,769,48,771,29.2,865,9,740
"Port Clinton, OH, Micropolitan Statistical Area",40076,303,23791,562,46,785,59.4,290,11,625
"Port Lavaca, TX, Micropolitan Statistical Area",19574,58,18846,673,30,871,96.3,4,15,425
"Port St. Lucie, FL, Metropolitan Statistical Area",151196,710,52130,295,110,375,34.5,810,7,831
"Portales, NM, Micropolitan Statistical Area",15695,25,12692,815,39,824,80.9,29,25,85
"Portland-South Portland, ME, Metropolitan Statistical Area",384250,821,161944,109,361,102,42.1,678,9,735
"Portland-Vancouver-Hillsboro, OR-WA, Metropolitan Statistical Area",1341491,888,481174,43,1009,29,35.9,780,8,817
"Portsmouth, OH, Micropolitan Statistical Area",84545,562,22651,582,101,408,26.8,886,12,598
"Pottsville, PA, Micropolitan Statistical Area",160630,727,144892,122,291,129,90.2,10,18,281
"Prescott, AZ, Metropolitan Statistical Area",68145,497,28407,491,94,447,41.7,682,14,514
"Price, UT, Micropolitan Statistical Area",22179,83,15243,767,35,848,68.7,148,16,399
"Prineville, OR, Micropolitan Statistical Area",13091,11,3766,909,15,911,28.8,868,11,630
"Providence-Warwick, RI-MA, Metropolitan Statistical Area",1421795,891,1040548,16,750,40,73.2,93,5,891
"Provo-Orem, UT, Metropolitan Statistical Area",223636,762,193576,91,488,76,86.6,15,22,150
"Pueblo, CO, Metropolitan Statistical Area",125972,670,65536,238,107,388,52.0,458,8,786
"Pullman, WA, Micropolitan Statistical Area",40103,304,15413,763,67,645,38.4,737,17,342
"Punta Gorda, FL, Metropolitan Statistical Area",58460,438,19511,654,44,798,33.4,829,8,816
"Quincy, IL-MO, Micropolitan Statistical Area",82523,556,53810,285,139,295,65.2,196,17,336
"Racine, WI, Metropolitan Statistical Area",173132,733,100341,163,121,341,58.0,325,7,845
"Raleigh, NC, Metropolitan Statistical Area",401981,826,197686,89,504,73,49.2,520,13,575
"Rapid City, SD, Metropolitan Statistical Area",97078,598,43788,346,126,326,45.1,614,13,558
"Raymondville, TX, Micropolitan Statistical Area",17495,38,24661,554,30,869,141.0,2,17,323
"Reading, PA, Metropolitan Statistical Area",312509,805,190031,94,317,117,60.8,266,10,697
"Red Bluff, CA, Micropolitan Statistical Area",38888,286,10033,856,41,815,25.8,895,11,684
"Red Wing, MN, Micropolitan Statistical Area",38749,285,33894,421,74,584,87.5,13,19,233
"Redding, CA, Metropolitan Statistical Area",115715,653,28118,495,84,504,24.3,904,7,832
"Reno, NV, Metropolitan Statistical Area",195126,750,49365,317,93,450,25.3,900,5,902
"Rexburg, ID, Micropolitan Statistical Area",30293,176,25992,529,84,497,85.8,17,28,45
"Richmond, IN, Micropolitan Statistical Area",76058,528,30208,468,95,442,39.7,718,12,580
"Richmond, VA, Metropolitan Statistical Area",807828,872,351809,55,737,43,43.6,648,9,751
"Richmond-Berea, KY, Micropolitan Statistical Area",67325,492,31954,445,144,287,47.5,560,21,159
"Rio Grande City, TX, Micropolitan Statistical Area",27266,140,39154,379,20,900,143.6,1,7,827
"Riverside-San Bernardino-Ontario, CA, Metropolitan Statistical Area",1558182,894,498396,35,962,31,32.0,840,6,873
"Riverton, WY, Micropolitan Statistical Area",38992,289,17499,696,59,699,44.9,623,15,437
"Roanoke Rapids, NC, Micropolitan Statistical Area",77870,531,29744,476,124,332,38.2,744,16,391
"Roanoke, VA, Metropolitan Statistical Area",260081,776,135395,130,361,103,52.1,457,14,509
"Rochelle, IL, Micropolitan Statistical Area",46338,367,22936,577,69,623,49.5,515,15,454
"Rochester, MN, Metropolitan Statistical Area",148044,707,105401,155,209,193,71.2,110,14,494
"Rochester, NY, Metropolitan Statistical Area",992689,876,483137,41,687,46,48.7,533,7,850
"Rock Springs, WY, Micropolitan Statistical Area",41723,320,17752,688,42,809,42.5,672,10,702
"Rockford, IL, Metropolitan Statistical Area",279514,790,130604,135,195,210,46.7,574,7,846
"Rockingham, NC, Micropolitan Statistical Area",45481,357,29979,474,104,397,65.9,186,23,121
"Rocky Mount, NC, Metropolitan Statistical Area",123141,664,53600,290,182,226,43.5,650,15,463
"Rolla, MO, Micropolitan Statistical Area",33633,217,17487,697,55,724,52.0,460,16,369
"Rome, GA, Metropolitan Statistical Area",79800,539,50792,303,133,301,63.6,222,17,345
"Roseburg, OR, Micropolitan Statistical Area",93748,593,27590,502,127,324,29.4,863,14,528
"Roswell, NM, Micropolitan Statistical Area",51103,396,30089,472,80,532,58.9,301,16,407
"Russellville, AR, Micropolitan Statistical Area",56047,428,26403,524,161,251,47.1,564,29,34
"Ruston, LA, Micropolitan Statistical Area",39763,298,18528,677,59,698,46.6,580,15,459
"Rutland, VT, Micropolitan Statistical Area",58347,437,29350,483,71,605,50.3,492,12,591
"Sacramento--Roseville--Arden-Arcade, CA, Metropolitan Statistical Area",1099814,880,323664,60,571,58,29.4,864,5,892
"Safford, AZ, Micropolitan Statistical Area",22862,90,16481,730,33,861,72.1,101,14,477
"Saginaw, MI, Metropolitan Statistical Area",228059,765,122409,143,166,243,53.7,425,7,830
"Salem, OH, Micropolitan Statistical Area",113572,646,59614,262,154,267,52.5,446,14,526
"Salem, OR, Metropolitan Statistical Area",249895,773,138331,127,252,145,55.4,382,10,701
"Salina, KS, Micropolitan Statistical Area",54876,420,30700,457,78,548,55.9,369,14,490
"Salinas, CA, Metropolitan Statistical Area",290444,797,82441,196,142,289,28.4,874,5,900
"Salisbury, MD-DE, Metropolitan Statistical Area",212621,760,81687,199,360,104,38.4,739,17,331
"Salt Lake City, UT, Metropolitan Statistical Area",645099,858,457757,45,875,34,71.0,117,14,525
"San Angelo, TX, Metropolitan Statistical Area",86170,571,46417,333,98,425,53.9,417,11,636
"San Antonio-New Braunfels, TX, Metropolitan Statistical Area",1154648,882,693223,25,733,44,60.0,276,6,866
"San Diego-Carlsbad, CA, Metropolitan Statistical Area",1861846,898,555224,31,752,39,29.8,854,4,911
"San Francisco-Oakland-Hayward, CA, Metropolitan Statistical Area",3250630,909,1100050,15,1375,19,33.8,821,4,909
"San Jose-Sunnyvale-Santa Clara, CA, Metropolitan Statistical Area",1320076,886,370975,52,463,79,28.1,877,4,915
"San Luis Obispo-Paso Robles-Arroyo Grande, CA, Metropolitan Statistical Area",155435,716,44225,344,117,356,28.5,870,8,815
"Sandpoint, ID, Micropolitan Statistical Area",24163,100,6969,888,32,863,28.8,867,13,542
"Sandusky, OH, Micropolitan Statistical Area",79655,538,45533,341,71,602,57.2,345,9,765
"Sanford, NC, Micropolitan Statistical Area",36718,265,23632,563,76,564,64.4,208,21,182
"Santa Cruz-Watsonville, CA, Metropolitan Statistical Area",188141,744,49824,314,108,383,26.5,890,6,883
"Santa Fe, NM, Metropolitan Statistical Area",75360,523,46006,336,56,716,61.0,261,7,823
"Santa Maria-Santa Barbara, CA, Metropolitan Statistical Area",298694,801,104107,157,147,283,34.9,802,5,897
"Santa Rosa, CA, Metropolitan Statistical Area",299681,802,86762,189,172,235,29.0,866,6,884
"Sault Ste. Marie, MI, Micropolitan Statistical Area",29029,162,12458,819,49,765,42.9,664,17,335
"Savannah, GA, Metropolitan Statistical Area",230728,767,103999,158,249,148,45.1,615,11,671
"Sayre, PA, Micropolitan Statistical Area",62919,462,28507,490,117,359,45.3,609,19,256
"Scottsbluff, NE, Micropolitan Statistical Area",41107,315,22238,589,68,628,54.1,411,17,352
"Scottsboro, AL, Micropolitan Statistical Area",51407,399,23807,561,133,302,46.3,586,26,66
"Scranton--Wilkes-Barre--Hazleton, PA, Metropolitan Statistical Area",597420,853,442623,46,647,49,74.1,79,11,668
"Searcy, AR, Micropolitan Statistical Area",50835,395,32376,438,172,234,63.7,219,34,10
"Seattle-Tacoma-Bellevue, WA, Metropolitan Statistical Area",2093112,899,591594,28,1245,22,28.3,875,6,876
"Sebastian-Vero Beach, FL, Metropolitan Statistical Area",59896,452,21489,604,45,793,35.9,779,8,819
"Sebring, FL, Metropolitan Statistical Area",47526,372,19656,652,61,681,41.4,688,13,562
"Sedalia, MO, Micropolitan Statistical Area",36378,256,25154,542,79,535,69.1,144,22,152
"Selinsgrove, PA, Micropolitan Statistical Area",33584,215,17035,709,75,574,50.7,484,22,135
"Selma, AL, Micropolitan Statistical Area",53981,413,21696,601,87,479,40.2,708,16,381
"Seneca Falls, NY, Micropolitan Statistical Area",33733,219,14827,775,38,828,44.0,641,11,642
"Seneca, SC, Micropolitan Statistical Area",48611,380,27458,505,112,372,56.5,361,23,119
"Sevierville, TN, Micropolitan Statistical Area",41418,317,25711,532,101,407,62.1,246,24,96
"Seymour, IN, Micropolitan Statistical Area",36523,261,22656,581,71,600,62.0,247,19,225
"Shawano, WI, Micropolitan Statistical Area",39301,296,29730,477,83,513,75.6,66,21,164
"Shawnee, OK, Micropolitan Statistical Area",55239,423,34340,418,102,406,62.2,244,18,263
"Sheboygan, WI, Metropolitan Statistical Area",100935,613,79242,205,117,358,78.5,43,12,617
"Shelby, NC, Micropolitan Statistical Area",83435,559,57175,271,163,248,68.5,153,20,220
"Shelbyville, TN, Micropolitan Statistical Area",27916,149,15461,761,86,490,55.4,381,31,21
"Shelton, WA, Micropolitan Statistical Area",31184,191,7034,886,22,895,22.6,907,7,841
"Sheridan, WY, Micropolitan Statistical Area",25048,114,10462,848,29,873,41.8,681,12,619
"Sherman-Denison, TX, Metropolitan Statistical Area",89796,580,60802,258,195,209,67.7,163,22,154
"Show Low, AZ, Micropolitan Statistical Area",67629,493,30689,458,126,327,45.4,606,19,254
"Shreveport-Bossier City, LA, Metropolitan Statistical Area",402437,827,215131,81,504,72,53.5,430,13,577
"Sidney, OH, Micropolitan Statistical Area",43089,342,25280,540,51,749,58.7,306,12,605
"Sierra Vista-Douglas, AZ, Metropolitan Statistical Area",85686,567,32885,434,119,350,38.4,740,14,508
"Sikeston, MO, Micropolitan Statistical Area",39647,297,23046,574,72,593,58.1,319,18,278
"Silver City, NM, Micropolitan Statistical Area",26204,129,19302,665,39,827,73.7,85,15,455
"Sioux City, IA-NE-SD, Metropolitan Statistical Area",160275,725,109988,151,239,161,68.6,150,15,451
"Sioux Falls, SD, Metropolitan Statistical Area",139076,694,99155,166,221,179,71.3,109,16,396
"Snyder, TX, Micropolitan Statistical Area",18192,42,15042,771,48,772,82.7,25,26,58
"Somerset, KY, Micropolitan Statistical Area",45803,359,27806,499,124,333,60.7,268,27,55
"Somerset, PA, Micropolitan Statistical Area",81243,549,56257,275,204,199,69.2,140,25,79
"Sonora, CA, Micropolitan Statistical Area",33928,223,6492,895,30,870,19.1,912,9,768
"South Bend-Mishawaka, IN-MI, Metropolitan Statistical Area",291116,798,125776,140,230,172,43.2,658,8,803
"Spartanburg, SC, Metropolitan Statistical Area",232612,768,148835,119,383,94,64.0,215,16,360
"Spearfish, SD, Micropolitan Statistical Area",18339,44,8458,874,31,867,46.1,595,17,332
"Spencer, IA, Micropolitan Statistical Area",19576,59,13377,806,35,846,68.3,157,18,297
"Spirit Lake, IA, Micropolitan Statistical Area",15629,24,9368,862,26,881,59.9,278,17,349
"Spokane-Spokane Valley, WA, Metropolitan Statistical Area",379394,820,135251,131,319,116,35.6,787,8,788
"Springfield, IL, Metropolitan Statistical Area",187789,743,109934,152,190,215,58.5,309,10,698
"Springfield, MA, Metropolitan Statistical Area",581831,850,331724,58,299,125,57.0,347,5,895
"Springfield, MO, Metropolitan Statistical Area",259036,774,133716,133,445,82,51.6,468,17,321
"Springfield, OH, Metropolitan Statistical Area",150236,709,62206,253,150,276,41.4,687,10,706
"St. Cloud, MN, Metropolitan Statistical Area",133348,682,101486,161,131,309,76.1,62,10,719
"St. George, UT, Metropolitan Statistical Area",26065,126,19969,646,57,710,76.6,59,22,148
"St. Joseph, MO-KS, Metropolitan Statistical Area",119358,657,65138,239,205,198,54.6,401,17,322
"St. Louis, MO-IL, Metropolitan Statistical Area",2485566,904,1323167,11,2015,9,53.2,436,8,798
"St. Marys, GA, Micropolitan Statistical Area",13371,16,6884,890,37,841,51.5,470,28,47
"Starkville, MS, Micropolitan Statistical Area",36018,249,18521,678,60,691,51.4,471,17,346
"State College, PA, Metropolitan Statistical Area",112760,643,53007,294,160,255,47.0,566,14,491
"Statesboro, GA, Micropolitan Statistical Area",35785,246,13323,808,48,774,37.2,757,13,538
"Staunton-Waynesboro, VA, Metropolitan Statistical Area",90918,585,53717,287,190,214,59.1,295,21,172
"Steamboat Springs, CO, Micropolitan Statistical Area",13404,17,2202,914,13,913,16.4,914,10,723
"Stephenville, TX, Micropolitan Statistical Area",22560,87,15964,747,60,692,70.8,120,27,56
"Sterling, CO, Micropolitan Statistical Area",19800,61,14004,795,36,843,70.7,122,18,277
"Sterling, IL, Micropolitan Statistical Area",65970,484,43023,350,96,434,65.2,194,15,472
"Stevens Point, WI, Micropolitan Statistical Area",57420,435,41375,363,54,733,72.1,102,9,733
"Stillwater, OK, Micropolitan Statistical Area",62435,459,27321,509,86,491,43.8,645,14,516
"Stockton-Lodi, CA, Metropolitan Statistical Area",347342,814,138317,128,225,175,39.8,716,6,864
"Storm Lake, IA, Micropolitan Statistical Area",20774,66,16913,717,46,790,81.4,27,22,141
"Sturgis, MI, Micropolitan Statistical Area",56083,429,23280,568,78,542,41.5,684,14,505
"Sulphur Springs, TX, Micropolitan Statistical Area",25247,116,17635,691,96,437,69.8,131,38,2
"Summerville, GA, Micropolitan Statistical Area",21856,79,13788,798,76,562,63.1,234,35,8
"Summit Park, UT, Micropolitan Statistical Area",10198,7,6459,896,17,906,63.3,228,17,344
"Sumter, SC, Metropolitan Statistical Area",88243,576,36448,397,110,379,41.3,691,12,582
"Sunbury, PA, Micropolitan Statistical Area",100381,612,73570,217,168,240,73.3,91,17,340
"Susanville, CA, Micropolitan Statistical Area",21661,75,4711,903,28,877,21.7,908,13,561
"Sweetwater, TX, Micropolitan Statistical Area",17359,37,14534,781,41,812,83.7,23,24,106
"Syracuse, NY, Metropolitan Statistical Area",642971,857,335434,57,451,81,52.2,454,7,842
"Tahlequah, OK, Micropolitan Statistical Area",30684,185,11583,829,54,730,37.7,750,18,311
"Talladega-Sylacauga, AL, Micropolitan Statistical Area",85203,565,49948,311,217,184,58.6,307,25,69
"Tallahassee, FL, Metropolitan Statistical Area",211810,759,74759,213,207,197,35.3,792,10,721
"Tampa-St. Petersburg-Clearwater, FL, Metropolitan Statistical Area",1613603,896,587647,29,959,32,36.4,771,6,877
"Taos, NM, Micropolitan Statistical Area",19456,55,20944,622,45,794,107.6,3,23,115
"Taylorville, IL, Micropolitan Statistical Area",36446,258,21787,599,60,689,59.8,283,16,361
"Terre Haute, IN, Metropolitan Statistical Area",176583,737,62816,251,261,142,35.6,789,15,462
"Texarkana, TX-AR, Metropolitan Statistical Area",127019,671,80538,201,263,140,63.4,227,21,181
"The Dalles, OR, Micropolitan Statistical Area",21732,76,7650,880,33,857,35.2,794,15,433
"The Villages, FL, Metropolitan Statistical Area",24272,102,8701,871,51,751,35.8,781,21,168
"Thomaston, GA, Micropolitan Statistical Area",25998,124,14118,791,43,802,54.3,407,17,353
"Thomasville, GA, Micropolitan Statistical Area",38098,280,21072,615,76,565,55.3,385,20,204
"Tiffin, OH, Micropolitan Statistical Area",61901,456,43513,348,75,572,70.3,126,12,594
"Tifton, GA, Micropolitan Statistical Area",32862,208,17122,707,51,754,52.1,456,16,414
"Toccoa, GA, Micropolitan Statistical Area",21763,77,15494,759,52,748,71.2,111,24,103
"Toledo, OH, Metropolitan Statistical Area",616864,854,322961,61,458,80,52.4,452,7,824
"Topeka, KS, Metropolitan Statistical Area",203953,754,99569,164,243,155,48.8,528,12,601
"Torrington, CT, Micropolitan Statistical Area",156769,717,98432,169,137,298,62.8,238,9,774
"Traverse City, MI, Micropolitan Statistical Area",91063,586,38888,381,120,345,42.7,670,13,550
"Trenton, NJ, Metropolitan Statistical Area",307863,804,157073,112,166,242,51.0,481,5,888
"Troy, AL, Micropolitan Statistical Area",28050,150,13950,796,76,561,49.7,507,27,54
"Truckee-Grass Valley, CA, Micropolitan Statistical Area",51645,401,10351,849,37,839,20.0,911,7,836
"Tucson, AZ, Metropolitan Statistical Area",531443,848,203325,85,296,127,38.3,742,6,885
"Tullahoma-Manchester, TN, Micropolitan Statistical Area",74804,520,40567,368,187,220,54.2,409,25,81
"Tulsa, OK, Metropolitan Statistical Area",711652,863,364231,53,786,37,51.2,479,11,658
"Tupelo, MS, Micropolitan Statistical Area",98497,603,64632,241,275,135,65.6,189,28,42
"Tuscaloosa, AL, Metropolitan Statistical Area",174626,734,93387,176,345,109,53.5,429,20,212
"Twin Falls, ID, Micropolitan Statistical Area",67767,495,33627,422,106,390,49.6,512,16,408
"Tyler, TX, Metropolitan Statistical Area",128366,673,80118,202,191,213,62.4,242,15,456
"Ukiah, CA, Micropolitan Statistical Area",66738,489,16877,718,72,598,25.3,901,11,672
"Union City, TN-KY, Micropolitan Statistical Area",41752,321,30016,473,149,277,71.9,105,36,5
"Urban Honolulu, HI, Metropolitan Statistical Area",762565,867,232304,77,338,112,30.5,850,4,907
"Urbana, OH, Micropolitan Statistical Area",33649,218,11862,825,50,759,35.3,793,15,458
"Utica-Rome, NY, Metropolitan Statistical Area",320180,809,193847,90,302,123,60.5,270,9,730
"Uvalde, TX, Micropolitan Statistical Area",22441,85,14380,784,38,829,64.1,214,17,329
"Valdosta, GA, Metropolitan Statistical Area",91178,588,43615,347,165,246,47.8,551,18,283
"Vallejo-Fairfield, CA, Metropolitan Statistical Area",235203,769,69976,223,121,342,29.8,856,5,894
"Valley, AL, Micropolitan Statistical Area",39191,295,23247,570,107,385,59.3,291,27,52
"Van Wert, OH, Micropolitan Statistical Area",30458,180,14479,782,48,773,47.5,557,16,401
"Vermillion, SD, Micropolitan Statistical Area",13689,20,6326,898,26,882,46.2,589,19,239
"Vernal, UT, Micropolitan Statistical Area",20506,64,14158,789,41,813,69.0,146,20,202
"Vernon, TX, Micropolitan Statistical Area",15931,28,13191,811,38,831,82.8,24,24,104
"Vicksburg, MS, Micropolitan Statistical Area",63906,468,30966,454,89,472,48.5,539,14,504
"Victoria, TX, Metropolitan Statistical Area",74000,517,47266,330,82,517,63.9,216,11,657
"Vidalia, GA, Micropolitan Statistical Area",29603,166,15796,750,75,577,53.4,432,25,71
"Vincennes, IN, Micropolitan Statistical Area",41838,322,23467,566,85,492,56.1,368,20,190
"Vineland-Bridgeton, NJ, Metropolitan Statistical Area",132866,681,61849,255,122,340,46.5,582,9,743
"Vineyard Haven, MA, Micropolitan Statistical Area",8942,4,4106,907,18,905,45.9,598,20,195
"Virginia Beach-Norfolk-Newport News, VA-NC, Metropolitan Statistical Area",1209873,883,430418,49,825,35,35.6,788,7,855
"Visalia-Porterville, CA, Metropolitan Statistical Area",245738,772,99393,165,242,157,40.4,704,10,717
"Wabash, IN, Micropolitan Statistical Area",36640,264,16999,711,67,640,46.4,584,18,272
"Waco, TX, Metropolitan Statistical Area",188701,745,145672,121,282,134,77.2,57,15,446
"Wahpeton, ND-MN, Micropolitan Statistical Area",27661,146,23290,567,77,553,84.2,22,28,44
"Walla Walla, WA, Metropolitan Statistical Area",51492,400,24234,558,58,702,47.1,565,11,643
"Wapakoneta, OH, Micropolitan Statistical Area",42554,336,28670,487,52,747,67.4,168,12,588
"Warner Robins, GA, Metropolitan Statistical Area",105706,627,53479,291,113,367,50.6,487,11,676
"Warren, PA, Micropolitan Statistical Area",47449,371,27037,517,79,534,57.0,349,17,347
"Warrensburg, MO, Micropolitan Statistical Area",39059,290,16015,744,80,533,41.0,693,20,187
"Warsaw, IN, Micropolitan Statistical Area",59555,447,19027,671,73,591,31.9,841,12,587
"Washington Court House, OH, Micropolitan Statistical Area",27467,143,9100,867,32,862,33.1,832,12,613
"Washington, IN, Micropolitan Statistical Area",27836,147,17723,690,69,625,63.7,220,25,87
"Washington, NC, Micropolitan Statistical Area",40355,307,28314,493,120,346,70.2,128,30,31
"Washington-Arlington-Alexandria, DC-VA-MD-WV, Metropolitan Statistical Area",3426648,910,1409748,9,2163,8,41.1,692,6,867
"Waterloo-Cedar Falls, IA, Metropolitan Statistical Area",177147,739,109036,153,199,204,61.6,252,11,644
"Watertown, SD, Micropolitan Statistical Area",20885,67,16151,738,36,845,77.3,54,17,320
"Watertown-Fort Atkinson, WI, Micropolitan Statistical Area",66152,486,51246,299,70,609,77.5,49,11,681
"Watertown-Fort Drum, NY, Metropolitan Statistical Area",88151,575,48102,322,130,312,54.6,403,15,465
"Wauchula, FL, Micropolitan Statistical Area",19379,53,11289,835,47,778,58.3,317,24,99
"Wausau, WI, Metropolitan Statistical Area",111270,639,84254,192,111,374,75.7,64,10,708
"Waycross, GA, Micropolitan Statistical Area",49077,382,25450,537,86,484,51.9,462,18,314
"Weatherford, OK, Micropolitan Statistical Area",25995,123,18078,683,71,603,69.5,136,27,51
"Weirton-Steubenville, WV-OH, Metropolitan Statistical Area",163099,728,87872,186,238,164,53.9,416,15,468
"Wenatchee, WA, Metropolitan Statistical Area",67205,491,24925,547,94,443,37.1,758,14,500
"West Plains, MO, Micropolitan Statistical Area",28807,160,15895,748,90,464,55.2,388,31,19
"Wheeling, WV-OH, Metropolitan Statistical Area",185566,742,97859,171,286,133,52.7,441,15,420
"Whitewater-Elkhorn, WI, Micropolitan Statistical Area",71507,508,33452,423,76,569,46.8,573,11,678
"Wichita Falls, TX, Metropolitan Statistical Area",137930,693,87779,187,187,221,63.6,223,14,527
"Wichita, KS, Metropolitan Statistical Area",475732,840,249476,72,557,65,52.4,448,12,610
"Williamsport, PA, Metropolitan Statistical Area",118416,656,68446,229,194,211,57.8,332,16,365
"Williston, ND, Micropolitan Statistical Area",22237,84,16122,740,52,746,72.5,96,23,111
"Willmar, MN, Micropolitan Statistical Area",36763,267,28751,484,67,643,78.2,44,18,275
"Wilmington, NC, Metropolitan Statistical Area",125686,669,82045,197,242,158,65.3,193,19,230
"Wilmington, OH, Micropolitan Statistical Area",34603,230,15803,749,62,676,45.7,601,18,294
"Wilson, NC, Micropolitan Statistical Area",63132,464,21810,598,74,580,34.5,807,12,609
"Winchester, VA-WV, Metropolitan Statistical Area",69234,502,32310,439,166,244,46.7,577,24,101
"Winnemucca, NV, Micropolitan Statistical Area",9434,6,2845,912,16,910,30.2,851,17,328
"Winona, MN, Micropolitan Statistical Area",46256,365,34925,412,74,581,75.5,68,16,389
"Winston-Salem, NC, Metropolitan Statistical Area",442969,836,230337,80,662,48,52.0,459,15,445
"Wisconsin Rapids-Marshfield, WI, Micropolitan Statistical Area",72799,514,53638,289,79,536,73.7,84,11,666
"Woodward, OK, Micropolitan Statistical Area",21172,70,12103,822,35,847,57.2,344,17,354
"Wooster, OH, Micropolitan Statistical Area",97408,599,51040,300,157,264,52.4,449,16,380
"Worcester, MA-CT, Metropolitan Statistical Area",738664,865,482779,42,552,66,65.4,191,7,820
"Worthington, MN, Micropolitan Statistical Area",21840,78,20360,636,46,789,93.2,5,21,166
"Yakima, WA, Metropolitan Statistical Area",172508,731,69958,224,198,207,40.6,703,11,626
"Yankton, SD, Micropolitan Statistical Area",18952,49,12604,816,31,865,66.5,176,16,368
"York-Hanover, PA, Metropolitan Statistical Area",312963,806,178988,100,367,100,57.2,343,12,608
"Youngstown-Warren-Boardman, OH-PA, Metropolitan Statistical Area",659649,860,394997,50,569,60,59.9,280,9,780
"Yuba City, CA, Metropolitan Statistical Area",101979,618,27590,503,71,607,27.1,884,7,847
"Yuma, AZ, Metropolitan Statistical Area",90554,584,33062,431,82,518,36.5,769,9,755
"Zanesville, OH, Micropolitan Statistical Area",83340,558,39934,372,119,348,47.9,549,14,484
"Zapata, TX, Micropolitan Statistical Area",6628,1,3058,911,10,915,46.1,594,15,440
